"X","r_hn_true","r_hr_true","r_hn_err","r_hr_err","diff_hn","diff_hr","aic_hn_true","aic_hr_true","aic_hn_err","aic_hr_err"
1,7.15738630500827,5.57972645098785,7.49536282949844,6.2471658514466,0.337976524490174,0.667439400458747,195.69483488733,180.129640352003,195.353475536043,180.655983093112
2,9.05662693752696,8.04449079055569,9.37942480563461,8.70224332203995,0.322797868107656,0.65775253148426,240.976319545953,229.164246069365,241.507839847293,231.453290058736
3,10.2273531921208,6.01181953691016,10.4967408985766,6.50818369013477,0.26938770645582,0.496364153224606,262.185744983016,231.551580548146,261.209423616827,233.562030114212
4,7.79843035421206,6.69891893971863,8.10609885744965,7.32464855274354,0.307668503237589,0.625729613024912,239.884059304246,216.675701157781,241.241305766734,219.428600496547
5,8.13351493380035,7.25051798386896,8.43810273688413,7.5023683631717,0.30458780308378,0.251850379302742,212.072912958606,193.318715723017,216.091079258579,197.547726194308
6,6.3958014018372,7.32802505115709,6.67776947463295,7.97864592349384,0.281968072795751,0.650620872336755,200.35097933987,194.456876005912,202.735572529827,199.705212546196
7,7.66513472667925,6.24409283035751,8.09006728698101,6.76336047897958,0.424932560301757,0.51926764862207,227.148912356625,211.592582074012,229.267609906651,215.385873596165
8,6.38113065222567,6.47889185566682,6.73023131440193,6.93704997233637,0.349100662176259,0.458158116669545,196.744186679493,195.693254940418,200.170198648615,200.52875817037
9,7.99250511673633,7.1513361941395,8.35720906462452,7.65882529086116,0.364703947888196,0.507489096721655,224.367414777947,213.890063271335,225.993844365851,217.23107879245
10,7.43814441122614,6.0749323773026,7.82355388984702,6.80802239272457,0.385409478620872,0.73309001542197,231.771319975815,211.105380461522,231.538430542691,213.793743383917
11,7.96010588004172,5.91274057402685,8.24859628422428,6.26622032905996,0.288490404182563,0.353479755033109,246.154806252767,220.879232914879,248.488414409806,226.322704839316
12,6.66766840906192,7.16391530527972,6.98117792798537,7.70350802892787,0.313509518923449,0.539592723648153,198.757778585855,191.903420149948,201.136379296112,195.688366858679
13,8.05679685506309,7.3696940039573,8.29172809522191,8.12808927223918,0.234931240158817,0.758395268281873,249.305728169038,236.282003042979,248.521599584582,237.102821429695
14,9.44470147175589,7.08177743971318,9.77670268864708,7.89404078593739,0.332001216891193,0.812263346224208,245.662889208391,230.684022109359,244.167196899006,232.920178693231
15,6.70526312132338,7.23549335640679,7.115469902438,7.98245062134508,0.410206781114621,0.746957264938288,192.908129612474,191.564115319995,196.273049396647,195.500855305663
16,8.6465010439118,7.0838185402905,8.89267730683474,7.70654025329439,0.246176262922944,0.622721713003886,228.025911994103,218.66189835253,227.880953026958,219.302801806247
17,7.59767726614119,7.57358153208023,7.87916206572926,7.9919408402986,0.281484799588068,0.418359308218376,226.07932598495,220.613992710649,227.213460025208,222.375428604797
18,9.41708632867928,6.88307478720273,9.69377151684325,7.37276956907548,0.27668518816397,0.489694781872752,253.24837342617,235.230492582847,252.971439696681,237.159494609782
19,7.76067664569326,6.92420426534958,7.99080730835641,7.64085825210198,0.230130662663154,0.7166539867524,211.272143923292,203.394613375908,209.658340752074,202.666091548347
20,6.55659912797387,5.60029182299006,6.83651192038615,6.16636181189775,0.279912792412281,0.566069988907694,198.151271128783,185.184076203759,198.837251029151,187.274381841187
21,6.40683036277581,6.56793781375636,6.70310306492777,7.21025611395548,0.296272702151962,0.642318300199114,199.569214041614,197.120905941766,202.317844671888,201.075493482357
22,7.31422324452573,6.59306277592839,7.5863719158709,7.42066425445253,0.272148671345165,0.827601478524141,228.548449524543,221.837024850576,229.992916819493,224.958032271934
23,6.91068587326568,6.36524564803142,7.22437162525991,6.82637242185682,0.313685751994236,0.461126773825399,200.150705411907,194.562829337401,202.68016376296,196.995896845014
24,7.24950891464422,6.37608329010151,7.46225227096408,6.91734147580909,0.212743356319864,0.541258185707578,245.759189840351,229.623478399029,245.177098435884,232.782832838458
25,7.473427589003,6.09356073788009,7.74213271303151,6.48069509640181,0.268705124028511,0.38713435852172,240.612143162668,220.58236329472,241.946298738712,225.166705628317
26,7.73297848979151,7.31512754379012,8.01117591656638,7.88665850962025,0.278197426774868,0.571530965830126,236.681853721956,231.985139420223,236.910974326961,232.721488520188
27,7.745190697683,7.48261492194982,7.98479967909202,8.5837167677154,0.239608981409014,1.10110184576558,221.961504617789,219.836459129256,223.645003586894,221.688942404389
28,7.45328898525453,7.1434557443379,7.64645096894884,7.64639253959528,0.193161983694308,0.502936795257381,205.084441612703,200.079931211512,205.276184357198,200.70537076244
29,8.71991209426174,6.33655364381588,9.05708732185998,7.09057214879757,0.337175227598244,0.754018504981686,233.69076024412,218.037889170317,233.391181892189,220.68968418007
30,7.04220906514306,6.99392428098123,7.2535330367545,7.6224073467473,0.211323971611441,0.628483065766073,212.991936189252,204.858777262,211.344637154802,203.249463519585
31,8.10915823895829,7.01944007131853,8.43505536606916,7.62419741959299,0.325897127110865,0.604757348274465,236.168490141038,228.653403323436,236.974116206382,232.160271817168
32,7.22143330498021,7.26432699205048,7.55545637479241,7.77527193653798,0.334023069812208,0.510944944487501,215.748426449975,212.890330773996,217.581625441125,214.423980531545
33,6.76552122240917,6.4541353201925,7.24990269056876,7.1144074268887,0.484381468159588,0.660272106696199,218.423095364521,215.351539223318,221.448072679818,218.947074024642
34,7.60416646006505,6.5573599241952,7.87886427396641,7.28518998872763,0.274697813901361,0.727830064532421,240.640167819411,227.760937526113,241.468662561052,229.873461424222
35,7.35691453775617,6.52202682480479,7.54567232084828,7.05391193373284,0.188757783092117,0.531885108928045,224.629088264792,214.186046385378,224.748170135113,216.750886414541
36,7.79061063171616,6.25332613344898,8.04788727028051,6.9040435417886,0.257276638564356,0.650717408339622,237.30236474117,227.98650345116,238.342019015888,230.640186969467
37,6.61217069330232,6.65721012760333,7.09279825137852,7.32999345132757,0.480627558076199,0.672783323724238,204.219639139452,200.906684543338,207.838675067876,204.45472654718
38,8.39720313271426,6.09547216088891,8.61067026395225,6.68595133594977,0.213467131237991,0.590479175060862,249.564114620022,233.843081747474,248.32074800633,233.896404436749
39,7.46588520962744,7.79086164104518,7.75112334451286,8.05173852075718,0.28523813488542,0.260876879712002,232.673944887637,230.365932121662,235.903152035702,234.256432909993
40,6.66966720455634,6.24085130527494,6.94217582137588,6.42373338681659,0.272508616819541,0.18288208154165,192.57786265841,183.273057244883,195.666185795818,186.081625953417
41,8.86941159909085,7.02390820512573,9.17815809204136,7.86002761978618,0.308746492950508,0.836119414660451,247.762280151445,234.106768476389,248.403882889188,237.708735915736
42,8.04674063921074,6.7161887252477,8.4888257507337,7.62364631867034,0.442085111522966,0.907457593422643,251.636316148939,235.851325850123,252.893233846457,239.116451561574
43,7.56677482553841,6.50180871490462,7.76858613912498,7.05054141210224,0.201811313586568,0.548732697197626,247.048954096292,225.256593031838,247.819938003536,230.905256261641
44,6.10156547694356,6.90537464592963,6.39823537000332,7.26152367982413,0.29666989305976,0.356149033894502,202.932201739009,199.749136010467,206.185983723878,202.53070205768
45,8.35438376080667,6.59665508696493,8.71549595740209,7.35131475426766,0.361112196595421,0.754659667302735,249.894752745267,236.907106803405,250.519033057826,241.109581815403
46,7.78337928475817,6.00003712474344,7.97167266949288,6.22892571050001,0.188293384734711,0.22888858575657,259.602061947872,232.072045501937,260.833754397662,234.592145090288
47,8.09788017169649,6.66883279000399,8.34022241966887,7.29291404767184,0.242342247972378,0.624081257667848,245.929495622267,232.822357628162,245.918862667946,234.315844201221
48,6.65939892267984,6.16537890665987,6.9058449760277,6.51626680917079,0.246446053347863,0.350887902510919,231.235060531992,220.599435942569,233.112470749057,223.90017283052
49,6.24359645821203,5.82405994700755,6.61261787771984,6.46341715272992,0.369021419507806,0.639357205722364,215.996220465532,209.251206569349,219.084086040911,213.409034084088
50,7.76770478502319,6.97228899064264,8.02788762401955,7.39757620337258,0.260182838996353,0.425287212729934,216.524363101012,210.374201915546,217.750847847925,212.497884367898
51,7.59172153874599,6.00880319212436,7.7876844045952,6.5217698215291,0.195962865849209,0.51296662940474,222.992807592642,201.573808779343,221.443047791097,202.46727143755
52,8.14996341669447,7.13755009793305,8.46206050437536,7.75629579614457,0.312097087680893,0.618745698211524,234.452194540528,222.197681242432,236.375304510275,226.514155954929
53,8.24565220478979,6.70392740129664,8.40062367794776,7.20285459640567,0.154971473157971,0.498927195109036,232.735937135331,220.905339319586,231.279734773252,220.596012086637
54,8.5230126063913,7.67634114306549,8.81728702165458,8.17057677934929,0.294274415263274,0.494235636283804,259.320371232651,248.341339201703,261.328925459235,252.991946220866
55,9.31247129242167,7.25605397173341,9.60338865346748,7.79103424210179,0.290917361045814,0.534980270368374,248.631225479273,232.611401953357,250.104945393724,236.027275947683
56,8.07908755300923,6.12419622823354,8.42801786240474,6.80913290172147,0.348930309395506,0.684936673487936,223.895059634869,202.257590629597,224.156837606831,206.187749084528
57,7.83829259500072,7.67398853613676,8.11094742825376,8.10601926948289,0.272654833253049,0.43203073334613,237.945849343195,225.032963345559,241.637036290289,231.330733865834
58,8.31329961489417,7.00676881806937,8.6422316619712,8.36582373927457,0.328932047077032,1.3590549212052,239.431836870876,228.387729809146,240.27888777883,230.509554667823
59,7.7160989178712,6.55961550878427,7.89948164521385,6.91113235719688,0.183382727342643,0.351516848412615,204.613231217871,194.055622810862,204.9001481148,195.573787921454
60,7.19966767124718,6.65157027170739,7.65887243173617,7.51169436078807,0.459204760488988,0.860124089080681,208.726737205984,204.102370799001,210.598763852154,207.194278141395
61,6.50086754783654,6.93443131959998,6.72308250657581,7.24491969036183,0.222214958739273,0.310488370761851,190.138188203409,185.7538436867,190.935856184087,185.281257849566
62,7.40466116593528,5.82079053283318,7.69058825553579,6.31118028924204,0.285927089600517,0.490389756408861,243.862404467792,218.33238785726,244.079059043883,221.784035674693
63,7.3401415102596,7.06128175181529,7.69280029157663,7.76879433384714,0.352658781317034,0.707512582031851,216.459548095855,212.725715466894,217.837109116762,214.036665846601
64,7.96947218751728,6.6615476522336,8.31165778169013,7.29980927581088,0.342185594172848,0.63826162357728,230.047878502483,210.390004476024,230.924709900179,214.310283989646
65,6.58497094200411,6.29346538504184,6.8659382159864,6.8396877275059,0.280967273982289,0.546222342464064,212.783126183443,202.320724145463,214.384551003381,204.176657563884
66,8.441161704473,7.26929114152639,8.72477603143413,7.97800168524292,0.283614326961128,0.708710543716531,250.216085809008,244.490700849762,251.144579492144,246.838616589314
67,6.1733002762649,6.10294072733274,6.45024902575058,6.7344416727361,0.276948749485679,0.631500945403361,190.844668841238,187.367988103667,193.037376892251,191.813788033511
68,8.18547587268597,6.23070087618926,8.56669551445921,7.31308068589717,0.381219641773242,1.08237980970791,215.490504188321,206.580160613722,215.317294858705,208.254072399318
69,8.17995926536048,6.64424778280083,8.50062095717651,7.28876389755359,0.32066169181603,0.644516114752766,242.952193324957,227.247744353075,244.560717369405,231.313300393485
70,6.38840931614344,6.67996155750127,6.68565143563187,7.24426901350661,0.297242119488421,0.564307456005343,223.904178392388,223.524852727703,226.552102333985,226.465719272769
71,7.66080430592492,7.24970909889612,7.84874478637142,7.66898201467195,0.187940480446494,0.419272915775831,236.627573466895,222.835947179763,237.655029048368,224.716126783857
72,7.59906775528204,7.10266710274558,7.92758675948659,7.90857513832446,0.328519004204543,0.805908035578877,229.806468243598,225.384218550339,230.422674051965,227.593923481135
73,9.42853250713269,6.99319785249795,9.86151601319086,7.49341852682061,0.432983506058166,0.500220674322666,236.731709184581,221.595521698292,238.839124944646,223.98024798567
74,7.59708338743841,5.89977801076653,7.93197321874992,6.61923488510736,0.334889831311509,0.719456874340833,246.270136121788,216.44661366155,245.702334984421,219.99318127398
75,7.40406100534032,7.21635171795478,7.59319384330398,7.776505726595,0.189132837963661,0.560154008640216,234.732180660586,229.594415488048,232.419519072214,227.436976098682
76,7.44591876413426,5.68097179886905,7.79784200655406,6.2723744955429,0.351923242419799,0.591402696673853,250.299822885449,221.88473300462,251.681716558961,227.069390324838
77,6.26930951462681,6.48733702228922,6.66364533789226,7.16586993225863,0.394335823265449,0.678532909969402,184.317895341988,184.645791438287,186.084589046543,186.099002879479
78,6.9933380620754,6.53231935837907,7.18317452332614,6.90852867895993,0.189836461250746,0.376209320580858,221.185689285912,214.732694093801,221.12526337215,215.707028329405
79,7.33153340582623,7.13589330310921,7.6934167293803,7.82326832647457,0.361883323554076,0.687375023365358,226.766884139512,218.5433205634,230.752506015851,222.194435775784
80,6.43941492318007,6.62553056721419,6.85773139318175,7.28031649340998,0.418316470001682,0.654785926195784,199.733922491377,194.487170701564,202.566965354374,196.646246820676
81,7.84198141255415,6.36748499002669,8.02555745041622,6.99152691194364,0.183576037862071,0.624041921916955,217.370176618473,201.574206324248,215.695052503063,202.652578519602
82,6.5697834145346,6.52396112612874,6.82088144676473,7.26213270852679,0.251098032230134,0.738171582398043,187.89356719298,176.836594824174,189.635708020754,181.473664504711
83,7.49169084977392,6.30779372485241,7.7450114422001,7.01526052739475,0.253320592426185,0.707466802542333,223.980247475789,203.520187823408,223.687007297118,207.321531526173
84,6.53863651715983,5.88338052902273,6.92722259103982,6.39989802488254,0.388586073879988,0.516517495859812,209.033778352279,196.846010057622,213.127255458903,201.492097055667
85,6.41250843652035,6.75016797042367,6.73831924702971,7.4755775402022,0.325810810509361,0.725409569778527,212.11563383632,206.17817318864,214.143863118318,208.823839583804
86,7.88465924366557,6.48578790479975,8.22284094241669,6.84736641435696,0.33818169875112,0.361578509557207,244.87084985248,231.023884266812,247.866893001323,236.454737390928
87,7.65402586779883,6.83105204314746,7.89521882079085,7.11957220917493,0.241192952992022,0.288520166027469,219.778567555976,209.480816074962,221.294272481942,211.048839490492
88,7.67440824280852,7.32026438086754,7.93986494909617,7.7150010390336,0.265456706287649,0.394736658166059,230.710873031371,222.379425516901,231.974796510192,224.850834935939
89,6.42895809188657,6.21392398145607,6.72486275230063,6.79322583596091,0.295904660414054,0.579301854504839,211.962262159188,199.116667337088,214.43163861098,204.491148455361
90,6.24487886119571,6.46816473373096,6.57381355764346,7.13851685747162,0.328934696447749,0.670352123740661,202.52426384252,200.910046148302,205.750694208987,205.043829409722
91,9.1396729551359,6.88453361598005,9.52010773725791,7.86940277239416,0.380434782122013,0.984869156414116,261.308002114402,244.022710235066,260.135464871153,246.388501748334
92,7.17308730659747,6.39353664311014,7.52764456787893,7.00232460531852,0.35455726128146,0.608787962208379,240.209368385246,230.489059574264,242.807568010934,234.901292535391
93,7.23552050001809,6.38245588015171,7.54983657716444,6.99060503626981,0.31431607714635,0.608149156118092,232.619561070955,212.001703479211,233.998272980742,215.503985197304
94,7.5782744859335,6.98644471708332,7.84178913392058,7.69477513766028,0.263514647987082,0.70833042057696,218.689521581602,213.24240666347,219.172578083648,216.04590454545
95,7.70104588698647,7.57940426635913,7.91580614839551,8.00055420503658,0.214760261409037,0.421149938677446,192.605371983077,193.705770504671,195.652646189783,197.260772005494
96,7.20002493941915,6.38548328895592,7.44251775265877,6.89030459297874,0.242492813239624,0.50482130402282,231.130325548129,214.795352821327,232.106088624129,217.913668673568
97,6.79356996356659,6.399104189827,6.98939582050242,6.77310003132598,0.195825856935831,0.373995841498983,209.249344803987,200.381620149786,208.485025849551,200.588526997129
98,7.76441997630699,6.27216037387041,7.99278622234412,6.69493929695021,0.228366246037139,0.422778923079803,213.413486326219,192.144104431513,212.982203811821,194.896383284431
99,7.89709850800246,6.29075910132692,8.07485723167617,6.74486167410529,0.177758723673708,0.454102572778373,272.5446776248,247.007960823136,272.947411396661,251.538953695351
100,11.9003231708726,7.8111742673632,11.9626226054994,8.37345406181119,0.062299434626766,0.562279794447987,275.143080408411,264.928920590105,273.828018214271,265.936300386039
101,7.26459800925725,6.08883838716739,7.50196681033026,6.61785873236159,0.237368801073011,0.529020345194204,205.265264334522,190.880793573319,205.335423873092,192.701955128704
102,7.90279133989868,6.34544351391746,8.10739218353112,6.7395832139707,0.20460084363244,0.394139700053239,245.554042452216,229.874095901182,244.563285223243,230.870303434321
103,9.22505132870763,7.32862403022673,9.46394888063005,7.97489997573856,0.238897551922419,0.646275945511826,228.51435931038,220.635826989408,230.36807962282,224.041086371768
104,6.3157302638678,6.16591681981755,6.575614432273,6.69173490054719,0.2598841684052,0.525818080729644,216.493946382479,201.717805080428,217.808627422465,204.037905163466
105,8.30962566176481,6.64813859730209,8.57725911322773,7.00415732640085,0.267633451462913,0.356018729098764,234.810791414422,216.628833880287,236.057044686665,219.88498802356
106,5.50097670805986,5.51038317165639,5.84047384249476,6.1617608047665,0.339497134434903,0.651377633110103,190.096386271201,186.885825020824,192.590564427771,191.200330936728
107,7.58606788110415,7.59766255713356,7.97344284882626,8.24388814770585,0.387374967722107,0.646225590572299,221.524160463513,210.8467316919,224.475234842663,214.087993769856
108,7.31712477739311,6.41854952242457,7.66808922601811,7.0356569018099,0.350964448624997,0.617107379385331,214.275412452987,197.393176540594,215.395352317404,200.339801743411
109,6.62908181118948,6.18011878059294,7.00474902420705,6.79248385093042,0.375667213017568,0.612365070337475,219.817245598588,206.070529019569,222.811715323379,210.732821722952
110,7.54025510133475,7.1390278771326,7.78451232762057,7.66643431430759,0.24425722628582,0.52740643717499,215.282293955468,206.830190912837,214.897475991619,206.86019797249
111,6.16907795164597,6.31121598923164,6.57559397580404,6.82782371520459,0.406516024158071,0.516607725972942,199.130151635333,192.061066910169,202.716387364117,196.043720963171
112,9.24684655064899,7.17021547728403,9.57195145133764,7.83218645132383,0.325104900688656,0.661970974039799,278.022261592514,266.145401811896,278.705888308481,268.355363275937
113,6.40886764912615,6.34451919766905,6.72824709021389,6.88031562864371,0.319379441087741,0.535796430974663,205.456302413338,197.133010812854,207.619255459228,200.501564720798
114,8.49448267267708,6.33829948828147,8.77684533349575,6.98532372578152,0.28236266081867,0.647024237500057,250.679908658188,230.024072128321,250.331702595409,232.710141187266
115,7.11443438751805,6.30005372429358,7.37183014329763,6.59283817757239,0.257395755779578,0.292784453278807,229.317889237039,211.920481510849,231.542834898828,213.406350976059
116,6.79226974374077,5.56296663838076,7.06053054860152,6.01258637673886,0.268260804860746,0.449619738358104,239.796974429774,205.794815914338,240.558206255303,210.758183487511
117,8.29431054841767,6.84377754461303,8.52401253180653,7.22628787371986,0.229701983388864,0.382510329106832,259.308911866083,244.822142886615,260.821216264035,247.285526790114
118,8.07570111246232,7.2501672153556,8.33398762859553,7.62105479929812,0.258286516133207,0.370887583942526,217.244516056718,200.607719240923,218.720196388441,204.87691834782
119,6.20669088358529,6.42005598424624,6.5722935073086,7.08812320040478,0.365602623723304,0.668067216158542,197.261447717646,195.484028139561,197.696871174769,194.61970162712
120,8.13925613643415,5.90897255965311,8.44708645991909,6.46121783186686,0.307830323484939,0.552245272213755,230.941444464113,210.551978548578,231.510378710477,213.552583268834
121,7.10081557597371,6.79509316192114,7.2811578147295,7.2936900316416,0.180342238755784,0.498596869720459,191.541760113193,182.184822291715,192.215657513458,184.392557907769
122,7.9278748167488,7.45790220462333,8.23365404894377,8.16189595487849,0.305779232194965,0.70399375025516,242.051824178822,236.704800846306,243.211893848763,239.000015227719
123,8.05511098795607,6.70606459652765,8.3307138440743,7.18730527693729,0.275602856118239,0.48124068040964,257.320214022736,239.416815945909,259.357902314673,241.582807669459
124,8.07689248531085,6.42015546573995,8.29126779630347,7.00091609332195,0.214375310992621,0.580760627582,242.235688763095,227.514856882984,241.493284993633,230.25900328921
125,9.99880202464833,6.52451719739107,10.2030333268529,6.8404329731572,0.204231302204553,0.31591577576613,264.426857591002,235.534138704025,264.860883809129,236.392673094646
126,8.01749410662222,6.57886977887039,8.34305114331593,7.17661410220462,0.325557036693711,0.597744323334229,248.12520933492,234.043377307982,247.787434468249,236.948309817253
127,6.10119706114987,6.09166726883768,6.4813173713063,6.82675480540788,0.380120310156435,0.735087536570206,207.33727339496,199.872658168018,210.269323538287,202.488591082197
128,8.4164064909617,7.3832862401252,8.68219459657137,7.38381784751082,0.265788105609669,0.000531607385621413,249.797507391298,235.944293506542,252.374142287598,239.767725330869
129,8.96876648690939,6.55878248753927,9.1909230695877,7.07030324879485,0.222156582678309,0.511520761255581,248.364673640927,230.765885679742,248.639961514409,235.040755619339
130,9.40617616264439,6.86279860101409,9.68310160630357,7.61645491352714,0.276925443659179,0.753656312513057,262.713453373262,244.993943365453,261.246523907562,246.73646042376
131,8.35040007739508,6.10046955305392,8.54642911933572,6.46753908338395,0.196029041940633,0.367069530330035,234.272509767805,207.682574817347,234.785810701057,211.110306617387
132,6.52122811854762,6.908287303873,6.82348573605833,7.42291197527278,0.302257617510715,0.514624671399778,201.21790647719,197.212199607079,203.270354205452,200.320404968707
133,6.69599962534409,6.231725787699,6.95840029571479,6.73169368566126,0.2624006703707,0.499967897962254,226.169376565161,209.718931454073,225.755919821873,212.429135205063
134,9.17358367187508,7.03767655075587,9.30086154721708,7.4858376136849,0.127277875341999,0.44816106292903,235.634961007677,218.868652390862,233.736620152853,219.637355819265
135,6.222693497031,6.2176552518903,6.5949419175752,6.83522822463915,0.372248420544201,0.617572972748851,200.555445613029,190.902837578886,201.32963418695,192.593728405831
136,7.31757322558399,6.75918908177932,7.50126407992243,7.06029103403649,0.183690854338445,0.301101952257171,199.843454690425,186.629222282795,199.539020238554,185.554647208507
137,7.55258049962308,6.13119775868408,7.7858875750401,6.59297049627042,0.233307075417024,0.461772737586338,253.697151573302,231.864751016017,252.83275875235,233.454451276423
138,6.75267263690002,5.86333071121973,7.04414043440894,6.36062455661454,0.29146779750892,0.497293845394814,222.09113030158,207.327299490489,224.386101328823,212.99195430757
139,7.45395555987682,5.65410686860514,7.84893345280366,6.42791861617283,0.394977892926843,0.773811747567686,236.015868944427,217.14430744143,236.591677932393,221.009448672379
140,8.42105699988466,6.58360874768921,8.6381418794893,7.15261352796455,0.217084879604636,0.569004780275336,252.712990039417,233.635027854006,251.701630789355,236.557780778594
141,8.71623204120456,7.02710592224677,9.04188184471912,7.7617097245694,0.32564980351456,0.73460380232263,262.461254808433,237.633891066393,264.487776289064,244.164683068542
142,7.06301928961724,5.87783483020361,7.33606682352114,6.40492303060203,0.273047533903894,0.527088200398416,225.474689081602,205.927403796236,227.205292866522,210.360766568006
143,8.9164885551604,6.44256054320196,9.30715464774454,7.21220521373365,0.390666092584143,0.769644670531687,221.030730941849,202.004340673236,220.157768831544,204.38907963191
144,9.1549480938777,8.03511576157644,9.38671588728889,8.51624262970418,0.231767793411194,0.481126868127737,214.690222473866,205.961076877956,215.552727016509,208.005819341547
145,7.06047369660157,6.35481757663798,7.28440895141983,6.97115166305183,0.22393525481826,0.616334086413845,221.102147532093,206.211806271319,219.473377238689,206.911821363821
146,8.16337983061997,6.3890830631564,8.42075830523208,6.96660390911451,0.257378474612116,0.577520845958109,233.429538228985,216.467389026554,233.881160107169,220.151149905051
147,7.51365391461727,6.91917993859898,7.89344895088866,7.84666860545386,0.379795036271393,0.927488666854876,220.116111355119,212.091414934419,221.308302085125,216.197030941517
148,8.20124734058136,7.01715567444218,8.5642831330709,7.75938846381211,0.363035792489537,0.742232789369928,201.676806808845,191.077577714225,203.015332939654,194.790830822521
149,6.81169091018865,6.85444866487174,7.22255669870649,7.58441711803468,0.410865788517836,0.729968453162933,207.799059678247,197.492921368565,209.024759062861,199.668101357148
150,8.29843666064505,6.47918999541999,8.69822487332837,7.08265093971515,0.399788212683321,0.603460944295163,228.480099982318,217.406510930234,227.920053667343,218.100532275318
151,7.17871747210753,5.69902212070273,7.45173713264629,6.15325401874979,0.273019660538766,0.454231898047055,218.894486411552,206.780199417546,220.632089459875,211.347513614684
152,7.48342928542667,6.94858966660661,7.75569084026469,7.25718645406497,0.272261554838017,0.30859678745836,225.736845445509,220.499853372132,228.034026151739,223.874845474183
153,8.07892345459636,6.26802003842172,8.33649402260607,6.84904869542506,0.25757056800971,0.58102865700334,237.917691306388,216.258171032208,237.15342243083,220.574866446722
154,7.25395425896589,6.42057434526608,7.44812479554741,6.84026043838178,0.194170536581522,0.419686093115708,223.612929886216,209.128015076988,224.906521371378,210.39412118434
155,9.99706021544079,6.66128183063593,10.260336780877,7.2437597140899,0.263276565436216,0.582477883453972,280.812228736645,255.383321354942,280.021324640932,258.228871436783
156,8.56496639418521,6.97328142271789,8.81445202626094,7.6115643701408,0.249485632075727,0.638282947422909,246.636803312753,228.768148257786,244.728748564075,230.643007011964
157,7.44873770536287,6.60626310978369,7.86579842132455,7.45809074428432,0.417060715961679,0.851827634500633,233.40057269317,224.900459414268,235.133824409596,228.667690296796
158,6.33747363157916,5.88456991180017,6.78082587760866,6.55609335300608,0.443352246029502,0.671523441205912,213.498524331203,204.184519177719,216.475003849944,208.179775366437
159,7.40719099518323,5.91785552429152,7.61728985870758,6.24664678335914,0.210098863524352,0.328791259067626,240.677899009123,220.795860298915,242.784362040197,224.958919708232
160,7.19569067422488,6.35135799904056,7.49732089731433,6.81079633984312,0.30163022308945,0.459438340802563,207.544481530164,189.328834335379,209.282573818025,193.483990876131
161,8.44239958860497,5.5608696572384,8.8089899718683,5.97132951086544,0.366590383263329,0.410459853627045,241.765012047097,209.60224972045,244.076071137164,214.344033851531
162,6.31519312876712,6.20566421406696,6.69418844252818,6.44754514951437,0.378995313761055,0.24188093544741,223.304746818135,217.776417412935,230.176080182928,226.159511844787
163,7.67269171852323,5.88827638463798,8.03818529574091,6.42547959069772,0.365493577217682,0.53720320605974,255.175091906815,224.73784700318,256.870635443966,229.215713392048
164,8.60149601163668,6.72039004170354,8.94541501371193,7.18049814224652,0.343919002075252,0.460108100542985,243.578607201158,228.859234274371,245.170797382096,233.213206167985
165,8.00311119524538,6.88883354469317,8.12884113287574,7.11187553401992,0.125729937630362,0.223041989326746,238.361562588231,227.406309013368,237.213458044933,228.234064170157
166,7.41705320328676,6.28083486939566,7.62386738942606,6.76355092564278,0.206814186139304,0.48271605624712,231.31672903258,217.801653708877,230.979248385222,221.486327992262
167,8.55590242319,7.69042256064051,8.76245967997203,8.24954357836869,0.20655725678203,0.559121017728178,229.311793838504,222.13006153297,227.439320117511,220.86040142815
168,6.62480467993091,6.57085857038711,6.97344929061574,7.05701366936228,0.348644610684826,0.48615509897517,204.73060009147,199.873879324443,205.118050585857,200.859541777499
169,8.0972623522417,6.35124979678062,8.31384303969896,6.85633340223755,0.216580687457261,0.50508360545693,268.052682969324,247.479820298128,267.699359922483,250.829171791245
170,7.49544902614856,6.26275615373946,7.76586963293888,6.85606460632475,0.270420606790323,0.593308452585298,250.425621759431,232.292207598425,251.585380501268,232.4563713735
171,8.20835641227916,6.69753967442037,8.50760247586454,7.50914764227881,0.299246063585386,0.811607967858445,224.958878973424,215.399237417765,223.670261403609,216.223974228804
172,6.71848335075413,6.76583915797799,7.0865652548604,7.11329494294627,0.368081904106275,0.347455784968282,206.915976750856,195.139706605746,210.89209117259,199.296284871048
173,8.20304683098886,6.08331231776434,8.40868135151812,6.45023897797973,0.205634520529262,0.366926660215394,238.248909214001,213.777792825616,237.21625620932,215.046756454416
174,8.54451373981062,5.94246239186988,8.95453315187545,6.63193637083026,0.410019412064827,0.689473978960381,260.316343695116,236.153341629722,260.89618911738,240.943386605069
175,8.53304335050399,6.45692511051578,9.02178698766976,7.49973476706517,0.488743637165767,1.04280965654938,237.867755066598,218.823044597847,236.893097231877,222.577478017841
176,5.61052864684801,6.10796286210824,5.76869753965339,6.66820461074178,0.158168892805377,0.560241748633538,200.560459343247,194.942123384789,201.755296188126,196.621502701364
177,6.87009440925308,6.27267566396633,7.11984038600739,6.7752351168306,0.249745976754308,0.502559452864272,220.076649006845,215.788498480936,223.188562594105,219.342215981864
178,7.77657814856637,6.94565804992853,8.02408687660069,7.63241303268551,0.247508728034322,0.686754982756984,191.108071748518,188.434774041967,192.265360244745,190.665432056151
179,6.45676352097378,5.97764607314661,6.74424244881972,6.30955044356808,0.287478927845936,0.331904370421468,224.905223121271,217.980554178428,228.76748034226,223.324782449216
180,7.74689084444097,6.08777513174631,8.06434965027156,6.60091024183976,0.317458805830586,0.513135110093451,239.545135093722,225.564208425819,241.728028642407,228.782960871545
181,7.54857905340643,7.20804448453827,7.87449587691969,7.88353301107597,0.325916823513255,0.675488526537698,230.8966687964,225.83560177814,233.329268641903,229.891709110946
182,7.28041753589881,7.45232831979592,7.64550897756953,8.27339225288418,0.365091441670715,0.821063933088257,211.402576469647,206.939927803618,212.524255853634,208.80469399887
183,6.60143845506069,6.61555989099929,6.93353771184802,7.08032237754537,0.33209925678733,0.464762486546081,209.62592375504,198.47233164511,213.318030061023,203.277557067078
184,7.68539524948737,7.07260028891029,7.95183406667873,7.51127160203901,0.266438817191364,0.438671313128714,222.474076718301,208.358285459359,223.229084315106,210.435985846746
185,8.20483928811702,7.43719372463149,8.47376830776591,8.04812687130172,0.268929019648887,0.610933146670235,233.516803795755,220.531590862529,235.566450814841,225.944728892999
186,7.33611353890272,6.35824200045053,7.55696162617354,6.7840072685548,0.22084808727082,0.425765268104275,239.462909714556,229.350867893631,239.849496691794,231.130177451684
187,7.7370018503833,6.40573272611548,8.05336061440152,6.81442611902142,0.316358764018215,0.408693392905938,217.03098532428,200.290213523772,217.856669271651,203.55404352343
188,7.94096749083868,6.46756080838593,8.17433758239863,6.89087973918783,0.233370091559948,0.423318930801906,230.271071164698,212.444236969017,231.58020474383,216.946147359606
189,7.68958876448585,7.87148568007422,8.08952633214105,8.50636987203902,0.399937567655196,0.634884191964796,224.549814056616,215.642772021317,226.611382301906,216.496079350916
190,8.41899320100134,6.56564838819247,8.717858518622,7.39525560934693,0.298865317620663,0.829607221154456,236.596744009336,222.678262357677,235.162719298344,223.783336639308
191,7.04776734050392,7.10745990958698,7.28196932615017,7.97079895948961,0.234201985646253,0.863339049902623,202.496490144114,203.053918643352,201.047434685558,201.346238490556
192,7.46143773830027,6.9116148256523,7.79852628267325,7.2985390707139,0.337088544372977,0.386924245061605,222.478100133445,216.640547715653,225.43400757717,220.51985739345
193,8.01068474764084,6.1631925966285,8.36042712763335,6.89878119324147,0.349742379992502,0.735588596612977,220.610697175032,203.425439794314,219.526517067883,204.434534494134
194,6.62954865441222,6.81407657669469,7.18773245361544,7.71075461743942,0.558183799203221,0.896678040744725,195.150106975601,194.275002814116,195.549074696675,195.433902927143
195,7.15823814462583,7.18537639564994,7.38581184114408,7.56505218751414,0.227573696518253,0.379675791864199,211.189992096365,206.855544642613,214.504298605424,209.960130393383
196,7.65870250226467,6.42228863124437,7.98412713490524,7.14329611795172,0.325424632640572,0.721007486707354,229.386788333112,214.893689719972,229.146090074238,216.856039344695
197,8.20689312493522,7.17713164841453,8.68077635414773,7.78005422142215,0.473883229212502,0.602922573007622,238.256848773349,232.817022867394,241.464480877042,235.570365977387
198,7.85334450778967,6.98307182445735,8.32232032001783,7.674783279111,0.468975812228165,0.691711454653645,234.326912560048,220.631126186432,235.072515951526,222.170382071188
199,7.57967703997351,7.36855484741805,7.96092414241102,7.96849109999786,0.38124710243751,0.599936252579811,237.744986461208,230.107578553764,240.715093491171,234.343057562411
200,6.62282455176896,5.87627595163899,6.82385805302307,6.2402758307435,0.201033501254106,0.363999879104517,204.598866742664,189.124579567608,204.903843765188,191.438677825214
201,6.95916344911249,7.96549608387692,7.22368068527973,8.54185846490087,0.264517236167248,0.576362381023958,206.730049160437,195.548607708551,208.932303899553,199.484797951127
202,7.13555016741522,7.28768509978909,7.37920991415031,7.88009163946929,0.243659746735085,0.592406539680201,199.675128845966,198.878487252916,202.081299248202,201.778102570573
203,6.96160353069262,7.74564826833993,7.229811717201,8.21880133708624,0.268208186508375,0.473153068746309,227.412061668543,225.257394157041,229.097781820981,227.655404378038
204,8.66903177492062,6.19104227722635,8.96583593252336,6.40139017057297,0.296804157602741,0.210347893346625,249.286461526472,230.557120608415,250.020698725264,232.397740360281
205,7.21632669484696,6.88902635208964,7.5342718802669,7.35978072150768,0.317945185419939,0.470754369418041,227.739263928473,222.195404826984,229.167107027182,224.765125791289
206,7.91731446575498,7.00962744569123,8.14242450222928,7.47185078185584,0.225110036474296,0.462223336164603,242.489733974171,227.941097460525,244.391978338657,232.023892704888
207,6.76511010901055,6.40667355168299,7.00683529056237,7.02962431374026,0.241725181551821,0.622950762057264,216.149157749412,198.970600535208,215.606767948495,200.558303817307
208,9.11540950567261,7.70482440779463,9.47680010797565,8.36293233523008,0.361390602303041,0.658107927435445,232.839850509399,223.606619242403,234.207557836619,226.777463614897
209,9.91607452154088,6.69786730585023,10.284085173765,7.4841156629187,0.368010652224163,0.786248357068471,299.205024837987,268.436504138535,298.491782318379,272.266236863724
210,8.22301766923645,7.37909584022469,8.40787683872505,7.56741354916198,0.184859169488606,0.188317708937292,208.200666482154,197.963521930148,210.554180706663,201.523214558659
211,8.33207427764398,6.65026031462195,8.70157020621977,7.33393336864599,0.369495928575789,0.68367305402404,207.323185811692,194.281358755818,208.60428555661,197.999203449592
212,6.33680446850605,5.65644778574736,6.57522384319952,6.24162148759615,0.238419374693471,0.585173701848795,215.53020883611,202.71700342899,214.914671590204,205.125078920751
213,6.9462922146694,7.22625707632692,7.41443045194785,8.16394557845322,0.468138237278451,0.937688502126306,207.811716654511,205.002872398436,211.666608930635,209.086987204496
214,7.22719057370212,7.15255734132196,7.4797473294479,7.68558863403168,0.252556755745781,0.533031292709728,208.604044200867,196.500441075741,209.610937572477,199.527859805007
215,6.80960880671635,5.61610710788199,7.12278077600947,6.37744974940527,0.313171969293122,0.761342641523277,234.422222278795,214.384807188562,233.224510965087,217.720575696138
216,7.04707102238484,6.59104930150155,7.32689267710384,7.01052575051614,0.279821654718993,0.419476449014584,215.39668193076,195.193259723049,217.469884357812,198.958890475457
217,8.56279594519489,6.69117072024741,8.84973074600926,7.38283901275639,0.28693480081437,0.691668292508976,237.050636800487,222.071022043263,236.014586726168,224.801934977094
218,5.52335341728922,5.64145200229666,5.77546140273602,6.1499733030286,0.252107985446795,0.508521300731942,204.365303800774,194.58276930082,204.68240541587,195.783384678471
219,7.81344452654103,6.30356106462103,8.054324083687,6.80883211140207,0.240879557145968,0.505271046781042,223.990985101649,216.009791798421,224.611461463713,218.924717178111
220,9.11216210861519,7.18651283489368,9.41118549268738,7.58809824979013,0.299023384072196,0.401585414896445,266.774211433794,246.745395733674,267.675146681475,248.844302269052
221,8.74792102318974,7.16360704440361,9.05919957946928,7.70831048043676,0.31127855627954,0.544703436033141,251.501621044038,227.581924007161,252.38204285585,230.848955576294
222,8.58633079419743,7.50846875621756,8.85334490728146,8.19027116603123,0.267014113084029,0.68180240981367,256.224777041392,238.455641214823,256.171872852148,241.193225222199
223,7.59476475174397,6.3342598968707,7.86826542370799,6.86804336477531,0.273500671964017,0.53378346790462,246.462844193769,231.234260348552,248.333968726722,235.911461678257
224,6.84437721056979,6.68248763162082,7.18362567137813,7.16196667939089,0.33924846080834,0.479479047770067,238.842071456906,225.798875738932,242.213944501522,231.439056374979
225,7.13610196196628,6.71452769717519,7.38088020791105,7.3528421768703,0.244778245944778,0.638314479695108,220.032217730973,213.029656740026,220.094633620408,212.498147612107
226,6.632921054626,6.50695243517861,7.14267192558683,7.27278002781244,0.509750870960826,0.765827592633829,188.777904016004,185.455356658404,189.543411405648,187.425953150566
227,7.4838533272061,7.5277948828939,7.77838576811788,8.21168453852685,0.29453244091178,0.683889655632947,210.935240665067,209.544914709838,211.806657718832,210.952108225693
228,6.46053586697104,6.0947561703338,6.76126623691674,6.50874083776918,0.300730369945707,0.413984667435381,213.525124735646,204.55382112478,215.843354411557,208.537225643262
229,7.47541248713466,6.90322397596072,7.65890041052702,7.16088650362561,0.183487923392363,0.257662527664896,224.791290394276,214.353312998776,225.117468258483,214.471009998036
230,7.87621997831033,6.93937701267544,8.16726825322785,7.40363304402474,0.291048274917526,0.464256031349299,246.940480983952,236.590566342591,247.803815247585,238.910456180367
231,6.27528158576254,6.52696245501167,6.67199942759072,7.12306769105576,0.396717841828184,0.596105236044091,201.328579269049,197.827957631013,205.704723571675,203.142594746216
232,7.4438158364158,6.86898315731796,7.76481494025161,7.38193848497357,0.320999103835803,0.512955327655617,214.304132399268,210.790278542088,217.198780830473,213.671776332509
233,7.83513535686809,6.5696232656475,8.10550567362181,7.33685752560248,0.270370316753721,0.76723425995498,223.245421967094,201.718178401832,221.724429669562,200.849350886583
234,7.22907723595994,7.55958728838953,7.58709380917076,8.07538595431765,0.358016573210821,0.515798665928124,217.55189297161,206.656631249451,221.11493904133,209.687216012445
235,8.27902426100984,6.19578969110373,8.56722657935122,6.61594547119772,0.288202318341389,0.420155780093983,240.406082987689,207.707835370179,241.337742565835,211.631167637441
236,8.40115126157877,7.0885837313236,8.79313853609444,7.79380488445667,0.391987274515674,0.705221153133064,251.363523704496,233.069088597352,252.389063655566,237.561586925464
237,7.14906634208451,6.95513285349022,7.41159171344251,7.76394356896209,0.262525371357995,0.808810715471875,200.33326543429,195.280761324652,198.997584214066,193.447210852598
238,7.80902848031677,6.19791451457181,8.0306427361886,6.71919919930634,0.221614255871824,0.521284684734521,235.824226964622,215.704070935854,236.483097859735,217.712148870311
239,7.51083185679624,6.88616968642129,7.6455598397981,7.33042612762613,0.13472798300186,0.444256441204845,234.137080391354,228.917909327573,231.737861811057,227.510319795238
240,6.88098352425077,6.32510359095163,7.05416405244611,6.55616079057981,0.173180528195339,0.231057199628174,227.910169937968,217.082375162222,230.733721556904,221.692144692492
241,7.4152766958291,5.92474543580393,7.59430903127312,6.18605291186258,0.17903233544402,0.261307476058652,235.653787666914,212.811416674201,235.74843799607,214.704787513525
242,7.45872924224358,7.70279379767998,7.73489879505698,8.11116472959497,0.276169552813399,0.408370931914989,224.452064557745,219.764399315768,227.38873072723,223.297424415404
243,8.11500450298159,7.13473002649137,8.32630667579197,7.74026584089349,0.211302172810379,0.60553581440212,264.13424906695,257.486876966495,263.972879652054,260.930435006931
244,8.38590782156424,6.84017740825044,8.64267465078529,7.45572382583976,0.256766829221045,0.615546417589319,236.695698556952,225.528126136868,236.433948854473,226.467280167426
245,7.53023025877358,7.56293325449793,7.78449118505586,8.16652787872978,0.254260926282285,0.603594624231849,212.1879169239,205.955690732872,212.339561255449,205.496894364408
246,6.7448217349084,6.05969677346737,7.09566402361513,6.41513410298944,0.350842288706738,0.355437329522074,215.144445713122,200.952926602005,218.360006208581,203.697088240265
247,6.88739116535139,5.82247943290799,7.14431554277688,6.32025218287043,0.256924377425492,0.497772749962442,205.193840370664,186.929946231995,206.1589026013,191.610237416159
248,6.36462792384698,6.00082915105619,6.67218257839182,6.51195991932383,0.307554654544844,0.511130768267642,206.866769495121,201.197187448499,207.610066575942,202.444149697988
249,6.57406777114575,7.17041942153656,6.93937890049604,7.879506985733,0.36531112935029,0.70908756419644,220.129241828807,219.851858340156,223.543545049569,222.588922780675
250,8.19455921563787,6.8498599078292,8.5174467119383,7.48937646405404,0.322887496300426,0.639516556224842,248.035528196469,230.258608745847,247.868494129047,232.973995608229
251,7.82009508696087,7.94181787018529,8.12903537450708,8.53994162431004,0.308940287546212,0.598123754124745,226.471801684252,219.669749880764,226.491596236011,219.795568348148
252,7.25689742772855,7.64102047456895,7.56739905132107,8.53244239269246,0.310501623592527,0.891421918123509,241.849921157148,235.059715828862,244.60473754242,239.266185851439
253,5.61654717058019,6.34530044554746,6.03587333876656,6.70517647424731,0.419326168186366,0.359876028699844,171.987216012826,171.967531247251,176.352951919684,174.679365034686
254,6.66848739478727,5.76640767114402,7.06220253034856,6.23820365406834,0.393715135561295,0.471795982924319,230.917641753487,219.410833684347,233.574627283353,223.527775699311
255,7.54203527250216,6.37043444604769,7.81963684450412,6.95620890613706,0.277601572001952,0.585774460089364,213.439532675953,198.902470614725,211.732405890756,199.344570023706
256,7.77381496327581,6.53878446726222,7.9852388195404,7.23391661266922,0.211423856264591,0.695132145406997,233.241775711968,215.325293287215,230.634218187884,214.569680638115
257,8.40599407544021,5.93760530570467,8.69508704191353,6.45035253184171,0.289092966473321,0.512747226137046,254.447167998036,223.074310688918,255.157120996228,227.738078581479
258,9.06154817056696,7.67604842349298,9.22494284064439,8.01326086284232,0.163394670077428,0.337212439349344,246.579600943709,229.728975817487,246.398965266398,230.828782366452
259,8.4585153003381,6.60653852775297,8.79217273902045,7.24397339062527,0.333657438682353,0.637434862872303,238.600701870726,216.165053407455,239.426417829517,219.621488681749
260,9.55200323280287,7.8234025994088,9.93634417519045,8.69181318740554,0.384340942387572,0.868410587996734,231.17990089442,224.539036339899,232.316421173742,227.057884651774
261,7.83035303356657,6.64363950935612,8.09111125685921,7.05189965121724,0.26075822329264,0.408260141861113,233.706451592414,217.0463500667,234.735006821751,219.834074568232
262,9.53456766357527,6.47796301943264,9.84292957499492,7.17295025546626,0.308361911419645,0.69498723603362,264.358543506072,242.401986330545,265.406721954443,246.269832682025
263,9.7758591669916,6.77425233023587,10.1119870568137,7.50688327760504,0.3361278898221,0.732630947369166,279.920205327921,246.537811074313,277.64301414646,248.980572337525
264,6.09590418221503,6.75025464810463,6.67249028764439,7.59399328414557,0.576586105429365,0.843738636040936,188.354888208646,188.085634954387,194.158641467471,194.080658192716
265,7.48106042207346,6.1633043174542,7.66535252797006,6.56178630486199,0.184292105896603,0.398481987407786,233.314308713634,221.584955287632,233.786468378732,223.670116771146
266,7.12516454697134,6.13013318091789,7.35649808674086,6.35224408775799,0.23133353976952,0.2221109068401,240.55536814698,223.460376087141,243.242818555942,228.71364353525
267,7.13504323137859,7.11182686955327,7.4929353996471,7.65711595419176,0.357892168268504,0.545289084638489,193.247362432585,188.829392580177,195.660055534588,192.584876284006
268,8.94842329901158,7.22723242434306,9.26353087497418,7.92797631650753,0.315107575962601,0.700743892164479,244.013864425363,229.177599115186,243.811290004233,231.252608720256
269,7.33798212868875,6.77060885771217,7.68554875946966,7.38307655929095,0.347566630780912,0.612467701578789,221.990792238887,210.464730071192,224.097508023666,215.78216292421
270,7.93474673973626,6.38096625799414,8.05759648096776,7.01927500867899,0.122849741231494,0.638308750684848,228.591456778618,214.717254694242,226.012550439308,215.845623311371
271,8.40942649153214,6.07356186055007,8.79778985444825,6.73909363162554,0.388363362916115,0.665531771075471,216.20387165826,203.78703704309,216.616850788256,206.064579589651
272,7.13256604429921,6.4855667553597,7.41676730271715,7.19846710835864,0.284201258417936,0.712900352998948,222.813547796825,209.712158885254,222.747404713746,211.999340978204
273,9.36105732482685,7.25096134299118,9.64825220755468,8.10788013994208,0.287194882727833,0.856918796950901,250.635402104371,240.27190047601,249.537230916136,241.467552366915
274,7.76490900368671,7.01626709147446,8.06013156102428,7.59932151501835,0.295222557337569,0.583054423543887,240.203717018608,225.836676710043,242.28844658147,228.160161679827
275,7.48116360586759,6.76991446186699,7.80047553350587,6.99962637090787,0.319311927638285,0.229711909040882,215.710786702733,196.54858216976,220.077233163193,201.331634352629
276,7.1915982917867,6.71596160169733,7.42513783767876,7.32037007153298,0.233539545892058,0.604408469835648,203.373411485917,194.236881976276,203.095420749577,195.553029343512
277,7.29083961915107,5.5984615240758,7.52140603334724,6.09307364934024,0.230566414196165,0.494612125264442,224.069919839785,195.796392009816,222.274424150121,198.927350349488
278,8.31900932287195,6.28508710454752,8.55695095301695,6.69869700703018,0.237941630145006,0.413609902482661,255.33020054623,230.893155590577,257.149066150751,234.056025513515
279,7.43913425298391,7.53758221601977,7.79590134228932,8.24035648852547,0.356767089305415,0.7027742725057,241.5593012135,235.027308859496,245.185677280691,239.638328051184
280,7.55611346410765,7.07393762427967,7.84295095485759,7.52627867282216,0.286837490749941,0.452341048542496,236.715719695928,223.799225547486,237.932794176774,225.899948248692
281,7.06338161151623,6.63784835051729,7.54430551611064,7.46822573173695,0.480923904594411,0.830377381219663,228.214925605742,215.152399032548,232.190881239933,222.229111778443
282,7.36535992382376,6.60903941722666,7.65440857141397,6.87944425447637,0.289048647590209,0.27040483724971,224.955351640924,218.621529992511,228.04819016123,224.316221048349
283,7.40189851627275,6.38084773723048,7.73927941048028,7.03843091637204,0.337380894207525,0.657583179141567,210.839718866902,195.283757958062,211.291151451994,197.713260943913
284,8.21129717704509,6.86848975551761,8.54571314642359,7.49823476976176,0.334415969378492,0.629745014244151,232.167939592516,220.784003284745,233.152874108068,222.434066775923
285,8.27656094521801,7.15060480735307,8.54405488803425,7.71065310912933,0.267493942816241,0.560048301776255,231.775440110007,215.679417109069,232.513396051506,218.763315644198
286,9.24981450116102,7.42816414609402,9.59432464535205,8.11137771178946,0.344510144191036,0.683213565695438,263.469100304811,250.669266723181,263.693417713156,253.680072975124
287,7.94952140533283,6.39499794727819,8.21241027545278,7.13978936825126,0.262888870119947,0.744791420973065,249.058876867372,225.831957590837,247.201733960632,227.267255868879
288,8.85545406339909,6.3587972095584,9.20654601638141,7.19466479323904,0.351091952982326,0.835867583680642,260.392399225288,241.670944013437,260.496024989487,245.564435916563
289,6.78263953563874,6.77881891658532,7.19463960583628,7.5159661683988,0.412000070197537,0.737147251813477,219.038035832361,211.437810974608,219.882091946018,212.547770140672
290,9.01715098513102,7.43507298351663,9.27234295858442,7.86093141706466,0.255191973453394,0.425858433548032,242.228223556347,229.156930609356,242.67556742465,231.963212701612
291,8.48182667998172,6.22987093749463,8.78740724527631,6.94582882490607,0.305580565294596,0.715957887411435,255.693025363942,237.539990322739,255.424601733039,239.118975901344
292,6.95183008291654,5.62053054745203,7.05429322370589,5.93411669448023,0.102463140789357,0.313586147028204,233.154842475116,219.352440917587,231.321964340682,220.400768503385
293,8.70578942545936,7.23038333274443,9.03836322591537,7.91635117324336,0.332573800456007,0.685967840498925,256.753153249225,239.984735550772,257.876178771047,243.940531857167
294,7.31582360570915,7.34127846407027,7.6165814007868,8.02860427027714,0.300757795077649,0.687325806206866,209.82912593592,206.772831069537,209.961241594919,206.748441909046
295,7.40914869270541,6.26445893461529,7.8229007002714,6.93405762037586,0.413752007565991,0.669598685760564,235.542719383456,214.691157198876,237.525820271875,220.404986269311
296,6.80712090628963,5.60984492053846,6.90336145802442,6.07335041457436,0.0962405517347902,0.463505494035898,231.506091473235,212.717334019315,229.713763124158,215.092658794237
297,7.17871708249491,6.19475188116083,7.45809226687537,6.79883385778356,0.279375184380458,0.604081976622734,223.545519882169,210.297656765474,224.141877975862,211.710390721248
298,7.5592992093906,6.32579643117623,7.7549605489362,6.95410937448011,0.195661339545592,0.628312943303887,218.204371601192,203.11107169698,217.681124438248,204.31807004109
299,6.88026660487548,5.90285329759449,7.0576026585138,6.40002897561998,0.177336053638316,0.497175678025489,232.530960830323,211.005324024998,231.830290472139,213.167488690669
300,8.52391210996595,7.27991961166853,8.76977485939365,7.95979219943616,0.245862749427699,0.679872587767636,225.699953420395,216.934438274401,225.772879782155,219.372302112267
301,6.23286680390567,6.73391686959226,6.70571099703694,7.31730309069668,0.472844193131264,0.583386221104419,212.902850984197,211.084979016856,218.751760810407,217.062434017261
302,5.94923773407851,6.53588649726079,6.40206275057545,7.92841885331541,0.45282501649694,1.39253235605462,183.114153291895,185.282856695856,188.049900561887,189.233898182255
303,8.91490540408291,6.44634682288038,9.14168427986528,6.82032963821662,0.226778875782367,0.373982815336245,249.00487800877,230.737008104264,248.748306507208,231.462574042783
304,8.2478856945515,6.37180150143848,8.42328007945395,6.75458931434723,0.175394384902454,0.382787812908748,252.528326104029,228.98504808807,252.385506602805,230.642788693692
305,8.26347050908504,6.82440046897895,8.59734579690607,7.56470153691574,0.333875287821032,0.740301067936793,238.702754863867,219.212250354558,239.328582329253,222.714100648859
306,5.99237307421805,5.88640342708741,6.53948827466505,6.59669025409469,0.547115200446997,0.710286827007278,172.63667740004,170.415499278029,175.743954830576,173.891609078417
307,7.22439279921421,6.6692786894327,7.48583499747998,7.31938908227785,0.261442198265772,0.650110392845153,216.870958049905,200.634097762757,218.855697688416,207.029146704649
308,6.48643609204983,6.07564054216093,6.82579533536226,6.46928966004589,0.339359243312426,0.393649117884951,212.439351164713,202.787297348576,213.151032085605,204.711405172193
309,8.15127177853247,6.4512729824693,8.44400575031229,7.30913810984983,0.292733971779818,0.857865127380524,248.143446180327,229.855712823643,246.730072043548,232.055802690047
310,7.81983665589659,6.47902534852475,8.0373965082222,6.92866286556904,0.217559852325609,0.449637517044292,222.229058090089,207.268128616931,221.679540550784,208.569465790721
311,8.48193959372945,6.14826110067712,8.7637023371975,6.71817964198771,0.281762743468047,0.56991854131059,234.185649013974,209.889426055651,234.65692240958,214.25239014302
312,7.92944095593279,6.91014531627069,8.30820517466968,7.36562652689277,0.378764218736892,0.455481210622075,220.955722322965,206.099306624437,225.119012022897,212.528803850252
313,6.50293090683506,6.06458651916537,6.69301311440986,6.67923226258452,0.190082207574797,0.614645743419149,239.545859732546,230.229664752547,239.84212489985,234.059939166978
314,7.95514873887244,7.56703719195428,8.34696558988212,8.17046199028182,0.391816851009676,0.603424798327541,232.511233519729,221.963059681232,234.67996499062,224.944874621812
315,8.57466186057463,7.70260707001251,8.93028138603432,7.99706464627127,0.355619525459694,0.29445757625876,242.647915985036,229.906081369792,246.401189176169,232.930093423411
316,7.34155619679426,7.14190659726492,7.53653160369676,7.94370117570932,0.194975406902499,0.801794578444396,225.554234201986,218.645320802935,226.695847281031,219.832186541489
317,9.35846272383026,7.61684244463257,9.57501055766472,8.30171877446336,0.216547833834458,0.684876329830793,248.851275550392,237.007127832951,248.002726726383,237.563314967758
318,6.31404784399538,5.86881216170783,6.66814499860673,6.51631380450566,0.354097154611353,0.647501642797831,209.737522152508,198.15270271124,211.561682435396,201.70995637223
319,8.4571822584141,7.02116140228171,8.67770009597909,7.56932391144329,0.220517837564991,0.548162509161577,233.108029419903,219.823183525387,233.311682052116,221.391827181952
320,8.10635949180077,7.23734674252533,8.46567484685315,7.81788940382176,0.359315355052381,0.580542661296425,244.150666193386,231.267742413711,245.255477716579,234.028881284382
321,8.67994818581713,7.30787504461766,9.02231688594503,7.7864036537298,0.342368700127897,0.478528609112147,245.840015376809,236.540184363367,247.614104422205,238.190515177626
322,7.00990810952814,6.2327329693589,7.33197905013036,6.69693313523358,0.322070940602218,0.464200165874682,203.100262192619,191.988323017089,206.602044325011,196.827044875596
323,7.09588087970092,5.87547274133768,7.47914931345191,6.59890080555826,0.383268433750988,0.723428064220581,234.806274603425,213.988697261444,235.718725598122,216.416809151269
324,6.92523467580864,6.80792845939931,7.04120740901079,7.10310148291407,0.115972733202153,0.295173023514761,211.137255469213,207.961425107744,210.113230439652,206.91515299646
325,7.14889409529708,6.58296373579542,7.38326564335503,7.01967480030192,0.234371548057951,0.436711064506503,230.344282615191,218.368634551605,230.930193012134,220.912781170509
326,7.95377784016292,7.4981724060014,8.30988164017964,7.98252638687247,0.356103800016718,0.484353980871072,223.793492752334,217.433169488663,225.456403589456,219.482782899948
327,6.51106410267428,6.3092145739646,6.88530859041879,6.94892655357382,0.374244487744502,0.639711979609216,209.686241533464,204.260348222688,213.048428245483,207.71311783461
328,8.38427770983285,7.36873888988006,8.73930273509544,8.32779031924809,0.355025025262591,0.959051429368026,231.219807723905,217.731016607883,232.56800325821,220.777340521085
329,7.02152976869796,6.74994505980024,7.56980653887168,7.46305882434698,0.548276770173722,0.713113764546742,213.004652048173,209.618415304535,213.95420659355,211.896180471627
330,8.65203450652579,7.42738524400978,8.96416155128328,7.94040919372038,0.31212704475749,0.513023949710597,237.306529336132,223.692440439967,238.433885497106,226.77049929396
331,8.07784132491715,6.86902076386755,8.39045341412449,7.44969435832083,0.31261208920734,0.580673594453287,219.26303040164,207.384401897226,218.720160701571,209.463966553067
332,7.61992781241339,7.05445126484166,7.91544771087122,7.5360413301382,0.295519898457833,0.481590065296545,243.614217605555,231.625923700404,244.164276911082,234.97510467124
333,8.46714687824599,7.1030490312474,8.69790690955739,7.33710614035199,0.230760031311393,0.234057109104588,250.647110728303,237.754665460822,252.945265099186,241.195842350114
334,7.07565270082496,6.36821301403015,7.30756703039005,6.8789974030013,0.23191432956509,0.510784388971152,212.418915079134,203.859352037025,212.696622055494,205.741546967396
335,7.42161822162673,5.78440483563547,7.67089999998884,6.13440379944914,0.249281778362115,0.34999896381367,229.143394587994,195.273849029932,229.464804182433,195.301546176113
336,6.03870584646345,5.48761169129716,6.29567597494715,6.11813886603278,0.256970128483697,0.630527174735619,206.09475572681,197.473466441672,209.144314390656,202.504699635203
337,7.95380855580438,7.4930126515066,8.38730903209855,8.16941960333446,0.433500476294171,0.676406951827859,229.91084338726,226.5174696848,233.503050177818,230.363826823163
338,8.01869332315538,5.94295789834285,8.28169638114353,6.57116067507533,0.263003057988156,0.628202776732479,249.149726930967,220.203886717966,247.551541744175,223.410462599872
339,6.63082223323837,7.22406131072416,6.99894085765597,7.95470387165025,0.368118624417591,0.73064256092609,183.661264352314,175.753635289888,185.798184311708,178.862208585822
340,6.00777560114729,6.29197606078948,6.23449292096242,6.73389337013372,0.226717319815129,0.44191730934424,183.817189469946,178.072298164765,184.921724299409,179.663621606407
341,8.62343790952019,7.1983474701327,8.88240237385155,7.86375306109614,0.258964464331363,0.665405590963442,258.879213312113,245.87319280098,257.728896548359,247.12677634944
342,7.09582575735509,5.72029867069626,7.47437747049556,6.61161227500277,0.378551713140474,0.891313604306512,217.658083730559,207.703456350087,217.510518278522,210.599300978857
343,6.39059498426561,7.03801844060539,6.67875940185218,7.41699560036485,0.288164417586573,0.378977159759458,225.864008184734,221.816412175793,229.473326075074,225.355915694781
344,7.82058969578067,6.07831010958402,8.05593530910405,6.68667468542519,0.235345613323376,0.608364575841171,231.492291716783,210.553993021765,229.123794970536,209.610943108199
345,8.4101799195449,6.85217703086942,8.75608441115754,7.44360369022669,0.345904491612636,0.591426659357263,243.516002578255,228.629752235962,245.56189972625,232.459127173918
346,8.80123394978428,6.5442390545129,9.09241542579241,7.18907689419114,0.291181476008132,0.644837839678243,256.208556509561,241.199050926022,255.662412790642,243.277914980175
347,7.81753139966344,6.59705606077099,8.18721980225125,7.1127165927634,0.369688402587814,0.515660531992411,254.558686405088,238.007446373681,258.17976799532,243.208937098751
348,7.72900773573695,6.14576689740603,7.94005697322115,6.83850893742677,0.211049237484202,0.692742040020737,240.159937255771,213.078333242868,238.918833724806,215.903544635484
349,9.76592328337751,7.59030002386131,10.0495474706463,8.45695133313975,0.283624187268815,0.866651309278443,253.097044580858,239.909301663837,251.885425885982,241.121245284012
350,6.40427679673672,7.37434904160354,6.60066741083788,7.54086166509048,0.196390614101162,0.166512623486938,195.377870744859,195.204874513563,196.89144584408,196.695070504893
351,7.22250990293061,6.2533860511213,7.61540505274258,7.06801716115057,0.392895149811962,0.814631110029273,210.718886228705,202.937965493566,211.472255843472,206.37427567213
352,6.75253388368205,6.27091536504,7.09200266331443,6.9718462315887,0.33946877963238,0.700930866548694,199.32004645408,183.65821508355,199.655845271709,185.271114634784
353,7.20558663454891,6.23465151419755,7.53977199879256,6.77264442238624,0.334185364243655,0.53799290818869,208.341956219437,190.520567033806,210.604151934645,196.019070657298
354,7.41451498365069,6.35296296668433,7.70347151388277,6.90050553647126,0.288956530232086,0.547542569786932,241.670458277458,224.235874595731,242.836424399723,228.270059424663
355,7.78993094845595,6.84579088632598,8.10102272620437,7.28498551216921,0.311091777748419,0.439194625843229,244.912014548583,234.472098236004,247.307382880122,236.713585593626
356,8.75357863080586,7.17163536627048,9.03268361448548,7.757394338194,0.279104983679618,0.585758971923523,258.815110652025,246.106368207437,258.464476786088,248.516604746643
357,8.66381755834605,6.68780615025075,8.99307367094581,7.30778318594259,0.329256112599756,0.619977035691839,261.363265238316,247.623593620397,261.88973969468,250.96884925381
358,6.99005210321775,5.97262523757318,7.30100477113843,6.44468375040556,0.310952667920684,0.472058512832374,228.358450183925,219.942129168706,231.555524842819,225.429963103939
359,10.2345046637348,6.95135193005675,10.4747059454638,7.5349888289177,0.240201281729043,0.583636898860959,246.045302363587,222.545463832278,245.752973505302,223.855883212518
360,8.16897303595904,7.06522748636776,8.52806308677026,7.60075919159124,0.359090050811218,0.535531705223481,223.384745498922,211.455843615895,224.424898880838,213.69607226053
361,6.54572858144671,6.41597815893634,6.94380302120222,7.1101155261713,0.398074439755502,0.694137367234958,224.159957948804,211.995116716353,226.951558758125,216.245534134768
362,8.21733105827711,6.47678108696612,8.48526447317534,7.10372192611501,0.267933414898232,0.626940839148892,214.185811586638,204.117833741731,213.901657886778,206.390950869809
363,6.55513915019504,5.5728644279995,6.88930930216288,6.08684612618096,0.334170151967846,0.513981698181453,224.251809167868,198.70282754478,226.379527964257,205.50947435515
364,7.90023718442878,6.13489554341516,8.2100488801248,6.52730625888956,0.309811695696018,0.392410715474405,257.832900655331,236.683876886522,259.907077704866,240.060361877464
365,8.37457754598626,6.93537041961949,8.65916324054964,7.21733129651992,0.284585694563374,0.281960876900437,234.512734050608,219.984825983127,235.080852744263,220.565882441929
366,6.55823072330033,6.44449009318761,6.92301567929473,7.10616360450886,0.364784955994401,0.661673511321255,217.784891172629,214.53784339306,221.457348225968,219.980945954412
367,8.0789467277764,6.56766315183452,8.38757761876824,7.19798233136811,0.308630890991839,0.630319179533592,212.648281879114,201.586436293166,213.393657875901,204.212277999606
368,6.3086132456501,5.95061965579738,6.50869115768175,6.39390681811153,0.200077912031651,0.443287162314157,180.74309269271,164.746706812277,180.507935373581,166.656133129624
369,7.73097951670516,6.18924546989154,7.98216944577266,6.58650531281009,0.251189929067498,0.397259842918547,248.630498408203,230.937691614622,251.115642619119,234.34011527786
370,9.21911741449738,7.9383597257331,9.48806962597495,8.51456573874548,0.26895221147757,0.576206013012378,231.964667456814,222.710950387548,233.017104443573,224.149450592143
371,6.53720159042118,6.25443356136756,6.85889095490714,6.93630465573942,0.321689364485961,0.68187109437186,231.988950159338,224.44080877742,235.437779743365,229.339786738969
372,7.04899970660238,6.02876515406263,7.43288834506687,6.85703201691446,0.383888638464487,0.828266862851831,227.97913015527,212.257222119494,229.218439954197,217.067658778124
373,6.65265560270828,6.55442477611574,6.94244912634866,7.62899786331478,0.289793523640375,1.07457308719905,222.27183856737,219.451271816075,223.874991855181,221.89764033092
374,7.48188123597919,6.80440461942726,7.86995879476504,7.23439349174588,0.388077558785848,0.429988872318621,256.571460755324,239.064248899453,261.37815290166,245.426756627363
375,5.54119504348282,6.17497654791349,5.91318367898668,6.73346995744569,0.371988635503862,0.558493409532208,157.014374305345,152.090816631444,161.974657280642,157.961308443175
376,6.82736680573362,6.67709295390524,7.24643338739443,7.15990325059813,0.419066581660804,0.482810296692892,205.881021604175,202.469022151084,207.959265627318,205.364299301512
377,7.12782008132794,6.21042959577879,7.48443997777039,6.87955012262132,0.356619896442453,0.669120526842534,207.477444120495,189.490606653217,207.577438188155,193.320138758487
378,8.60484588009242,7.03055351389883,9.08061518676647,8.21568550876855,0.475769306674053,1.18513199486972,233.730090566442,228.896269359635,234.480772885958,232.745079012962
379,7.71534440640321,6.25998628263527,8.0067441303072,6.76756016241433,0.291399723903995,0.507573879779063,237.485972987632,224.091817945422,239.248221998935,226.978883980075
380,8.83519955989272,6.45410061831269,9.13648865013874,7.19886222344003,0.301289090246025,0.744761605127334,249.145678646357,226.900321192581,249.029944440914,230.189843578272
381,7.57473489825502,7.32147427968114,7.79655790045924,8.12555390215408,0.221823002204216,0.804079622472932,217.860488174648,215.11705506412,216.944395674189,214.396109464916
382,7.87583631579752,6.65931248281288,8.09254046793044,7.40598525599542,0.21670415213292,0.74667277318254,246.434559765132,229.905765584588,244.968476523262,230.880409453484
383,7.22496659930939,7.49185788437632,7.5624981662243,8.16071872693188,0.337531566914905,0.668860842555556,197.97757062105,189.269256816882,201.184543305368,193.128625897803
384,7.10073735317648,6.39170089092356,7.35856279104455,6.79254484129825,0.25782543786807,0.40084395037469,225.429902953476,211.426496298528,226.376716365329,213.556693536624
385,9.68273509718708,6.40500459530507,9.92295862968596,6.96153900107788,0.240223532498883,0.556534405772815,261.202355963488,228.828278095318,259.982972418251,231.302354411226
386,8.00528314700978,6.90122223217064,8.28428920253218,7.31534245339758,0.279006055522402,0.414120221226945,254.317043847794,239.374805980922,254.664744230081,240.554461526567
387,6.92740873223006,5.95718645445681,7.19925712498466,6.45558443785109,0.271848392754597,0.498397983394278,205.547523590423,195.309848231419,205.867107774154,197.34574158836
388,6.01820765073686,6.15188881405478,6.34884300660993,6.54447225131107,0.330635355873071,0.392583437256282,206.302546346277,200.423553067888,211.851692804305,206.399860688954
389,7.53688805502443,6.96362804054024,7.88427448424827,7.38948472375329,0.347386429223837,0.42585668321305,220.340984549259,209.585521387812,224.452759532091,212.910594231932
390,7.67213574069976,6.48367759611747,7.9472956865562,6.9184294820892,0.275159945856447,0.434751885971732,239.308786159815,229.568551083238,241.786409177034,234.615455162222
391,7.67420066723029,6.05801152617689,8.05146906090257,6.67559378572622,0.37726839367228,0.617582259549334,212.252648201862,188.57016167581,213.970383111217,192.353490865013
392,7.57878099078674,6.50032944222367,8.01133232810934,7.14603166600853,0.432551337322601,0.64570222378486,213.588848706709,195.369405878803,217.298779960625,200.951856784161
393,7.20886004516456,6.41441978177488,7.53111003570487,7.02489621175662,0.322249990540313,0.610476429981744,209.490045876244,202.544814893712,210.489828432519,205.757658274915
394,8.24286830560362,5.851225051068,8.60918228828049,6.35816284671237,0.366313982676868,0.506937795644365,215.338171054422,194.532109840887,216.329071425734,197.772725239141
395,7.88617935512203,7.12035115777389,8.17007998440124,7.80823528672577,0.283900629279214,0.687884128951878,257.596211721826,245.533202281547,257.887848507457,248.072842529149
396,7.73848768917991,6.13079706334632,7.92526040334205,6.45358725140667,0.186772714162148,0.322790188060353,250.534400691183,232.911812861038,251.313302877286,235.198760647533
397,7.6785751244764,6.22340781584609,7.95378386389012,6.93034313588756,0.275208739413717,0.706935320041471,231.99696558078,214.828954815756,231.956130365707,219.385660412896
398,6.71453249982506,6.24668706013992,6.95300964733989,6.48088819962607,0.238477147514826,0.234201139486152,227.494585497847,218.285133032188,230.885019404365,222.104113207068
399,6.20589963773525,5.55180661435386,6.43754036670721,5.78978045264843,0.231640728971965,0.237973838294566,197.963722855055,186.795293143306,200.901400207506,191.113443094546
400,6.82257704429804,5.81718008449115,7.18799489140698,6.59134465437223,0.365417847108942,0.774164569881075,240.366001680183,222.581361187187,240.955970434421,227.436370085665
401,8.0829247271095,7.36203922380029,8.46251289865591,7.9611874986794,0.379588171546409,0.599148274879108,240.897058500118,230.031437254254,243.921087960235,235.714376204986
402,8.65211659243002,7.95074743452268,9.01839175748785,8.6038920764926,0.366275165057832,0.653144641969918,233.886874690038,222.408170044863,235.996651740916,227.251198365475
403,6.80285174488444,7.0143742741487,7.11164282766638,7.36839419974984,0.308791082781945,0.354019925601135,211.79885514939,205.984577039116,213.882358861972,208.971491570577
404,7.07310811664656,5.73537119049069,7.39777027027125,5.98489135017126,0.324662153624684,0.249520159680565,238.396625822037,215.055017709621,241.237137253906,220.468588347838
405,7.17262023382097,7.29631482129775,7.40134784711382,7.92279648681628,0.228727613292852,0.626481665518532,211.238819236927,200.886217507158,210.580246814493,201.87890300288
406,6.93996329476913,6.64231322751753,7.18625407008494,7.24947297701888,0.246290775315811,0.607159749501352,214.087033705856,204.487365480433,212.981971953425,204.610560392636
407,7.9335038877665,7.58575625749892,8.26734709847686,7.93257760006827,0.333843210710358,0.346821342569349,229.168885603985,220.460857337308,231.471847022491,224.049833346456
408,7.7057567264449,6.7214536178825,7.9516336418701,7.04597434740159,0.245876915425202,0.324520729519089,210.982885809587,208.416788530543,212.745096480257,212.009561178596
409,6.03471096687432,5.76293186305789,6.36829439893344,6.2785467791515,0.333583432059118,0.515614916093609,212.855054483627,202.78230708412,215.550758105703,208.005255730249
410,6.04417614037554,6.48475138939832,6.30868404127639,7.29555460019787,0.264507900900853,0.81080321079955,189.69452268108,189.461500243307,193.350421933746,193.995392643377
411,6.81251135106206,6.18080456343225,7.07698315670703,6.70349447722637,0.264471805644974,0.522689913794129,224.720174337023,210.142318680797,227.56632557914,214.949653081533
412,8.47995658707919,6.93464880612676,8.84885874921662,7.55146816664399,0.368902162137429,0.616819360517224,219.381808568225,198.800816914426,219.777783170872,201.994174219538
413,6.86261041217557,7.70196142500731,7.25662537280877,8.25404369442482,0.394014960633197,0.552082269417518,222.764053665998,220.00903522043,227.343970550354,225.409966490157
414,6.35866692265613,6.08354549037809,6.72181931950395,6.70929067092431,0.363152396847815,0.625745180546224,207.977816999021,197.346078518499,209.631181829621,201.510425248751
415,7.64271298250696,6.57631091054253,7.88510798221742,7.19606004669964,0.242394999710455,0.619749136157112,240.023518792466,218.76623046648,238.782642097643,221.44676722345
416,7.12357788480661,6.55529654940938,7.44403391853393,7.17458493714771,0.320456033727321,0.619288387738324,212.48422537969,204.682547293031,214.793948855499,207.748142099176
417,7.1499908789888,5.66406577769417,7.42305384758583,6.25566847431371,0.273062968597038,0.591602696619544,210.194604329974,196.225342272805,210.548222177268,199.297773566864
418,7.52775174472728,5.92348876011257,7.83012814953699,6.58470985675723,0.302376404809711,0.661221096644655,240.572389796487,206.187534653289,239.550689920147,210.367023631959
419,6.32479527808418,6.70275776524159,6.57386373798159,7.20908546689593,0.249068459897408,0.506327701654345,181.66035492015,175.176159133873,182.886845636,176.334384190563
420,6.14207900590029,5.91815525319898,6.43561804709918,6.70694671277657,0.293539041198885,0.788791459577594,223.111513009616,219.535598297002,225.478798172648,224.046468256828
421,5.32753021946666,5.865604681893,5.6033456764332,6.20257363109803,0.275815456966541,0.336968949205035,189.843569423552,183.869781235159,193.734836175147,189.356698607556
422,7.72526466554084,6.37675188254347,8.03210956475419,6.85400302961716,0.30684489921335,0.477251147073689,236.219302899461,223.816642571987,239.238992999129,228.54455403294
423,8.18812030174664,6.90356596802685,8.56593420119373,7.63061449528267,0.377813899447087,0.727048527255819,242.29781204667,222.592367588122,244.19286438959,226.692146681271
424,7.81753713581145,5.90359918994975,8.20772674747909,6.592336831191,0.39018961166764,0.688737641241248,249.454647050807,223.210354366406,249.283457617542,226.656658079798
425,8.72369358101565,7.14684780845008,8.93135719164052,7.97565782582647,0.207663610624872,0.828810017376383,235.839393381792,226.574093089665,234.367908755926,226.754766817514
426,7.50902350458334,7.45140940373265,7.87986851675005,8.11464156123264,0.370845012166713,0.663232157499988,224.147792147977,218.852600075997,226.328480169142,221.93138548621
427,8.84706648104532,7.07837103048218,9.1193622000924,7.46787178943643,0.272295719047078,0.38950075895425,243.941448290298,231.724499738009,244.594731395429,234.461906908768
428,7.66097251190961,7.10565095215267,8.00258682118515,7.64527874983436,0.341614309275539,0.539627797681687,210.456226112863,202.244629176518,211.183520224478,203.119906961688
429,7.1088727432725,5.77520562521078,7.43168130293877,6.27307115720345,0.322808559666276,0.497865531992664,211.813971478304,201.463009958304,213.745972682114,205.085004409582
430,7.30274241499868,7.52644516721475,7.56552222914246,7.89384428135784,0.262779814143777,0.367399114143089,225.576383100467,222.986855543212,226.862804631211,223.100001421096
431,7.49076754061263,7.1377465242301,7.86356833297332,7.55723182791336,0.37280079236069,0.419485303683254,221.031205921156,216.694669044373,222.664798737357,219.016817049446
432,6.96954072434015,5.95084009873372,7.2555051704562,6.44306849258774,0.285964446116051,0.492228393854021,223.368319847951,204.899383235588,225.862335599063,210.459561228349
433,8.067113984182,6.69168445517683,8.34156136434562,7.08987097649186,0.274447380163627,0.398186521315023,204.783194015272,197.623489962286,207.070658748762,200.88822880679
434,6.56229982466853,6.03367612642876,6.80558307157742,6.45202812026955,0.243283246908895,0.418351993840782,216.508229481711,198.663883099286,216.936509445307,202.213267505612
435,6.2701910036275,6.2602963931172,6.63651659973758,6.97422994769598,0.366325596110081,0.71393355457878,207.807016565798,202.910252997098,212.409530855962,208.86666818689
436,7.63912947013938,7.69148047387643,7.94105847025239,8.13280204703234,0.301929000113009,0.441321573155906,229.814895735624,219.831316237977,230.845607287358,220.720991852685
437,8.18413839697192,6.1877340360594,8.44624221358364,6.72878195235365,0.262103816611722,0.541047916294249,247.634789386751,226.665407281651,247.020524866302,230.178990590422
438,9.21645734580314,7.04170674977805,9.47581387875944,7.60548027053157,0.259356532956298,0.563773520753519,262.259604419354,243.849426917369,262.356653213533,247.4324987403
439,7.29513111543536,6.08919630295328,7.6062579213447,6.5212159395496,0.31112680590933,0.432019636596317,242.013587977027,229.639703471212,244.331749381847,231.253263615358
440,7.25555340298273,6.98154847844404,7.61551286619055,7.64910812130235,0.359959463207818,0.667559642858311,233.795466928358,220.331758410245,235.5619542347,224.348199157508
441,6.94561496855216,6.82545075199213,7.2753320622602,7.71530414944277,0.329717093708031,0.889853397450632,207.915669310712,203.037525278593,208.437036323555,204.854525042385
442,8.17180113674276,5.59682693055184,8.5431870800796,6.1878367073468,0.371385943336835,0.591009776794968,210.284573774836,187.604338728157,211.575213176351,193.924068259387
443,8.29569329685032,6.64782088544921,8.53903420049644,7.18077218197637,0.243340903646118,0.532951296527159,258.583007531223,229.299558208359,258.733994947328,232.579112192439
444,8.92478148210391,6.77346458804437,9.17230344606372,7.28007133727341,0.247521963959811,0.506606749229047,272.551624756148,250.258722782763,271.987979693704,252.728115844101
445,9.19789510326587,7.28722577033849,9.4227676550444,7.93365579358434,0.224872551778535,0.646430023245844,254.841268709841,234.129198132681,254.04477126747,236.523878438707
446,8.18538235020835,6.44922914780339,8.4372227914112,6.95108942238049,0.251840441202848,0.501860274577098,238.780741316474,220.0452617346,238.515611311342,223.505052482548
447,6.22622005583946,5.8829993131453,6.46285778705475,6.38635090311495,0.236637731215294,0.503351589969654,211.302583086668,200.209624129851,211.658430663084,200.665640399154
448,7.60161101779862,7.06290542620134,7.82898143021942,7.78824153698602,0.2273704124208,0.72533611078468,236.936619708938,231.61607891671,238.265519620642,235.17907547214
449,6.50695439973307,5.95958458742257,6.79372782203379,6.67061562135238,0.286773422300718,0.711031033929805,229.767352762059,221.591627928319,231.683637352328,224.051071635019
450,7.348922074999,6.04386337289745,7.63164897295406,6.56654388291117,0.282726897955056,0.52268051001372,224.437545329302,208.765641480065,226.381132992576,214.001890928284
451,8.14967538084679,5.68528442981416,8.44020933493877,6.61675064488191,0.290533954091986,0.931466215067749,257.383241534791,229.300156741141,253.364367186158,232.046432146829
452,6.86355529354456,5.69835719949519,7.23389293658465,6.26524850295831,0.370337643040089,0.566891303463119,229.894449449427,214.216203122849,233.064728403857,219.551529595458
453,8.28459820222456,7.0436000269497,8.55930010181434,7.66868980478109,0.274701899589781,0.62508977783139,234.088207792834,220.754633943465,233.469472694207,222.653356410157
454,8.50291327674754,5.9865795401446,8.69827530448915,6.38647063662759,0.195362027741604,0.399891096482982,276.965318159109,250.906899224989,276.558210939098,252.983721253726
455,8.46083512227124,5.9559760717322,8.74497372435755,6.57204087324624,0.28413860208631,0.616064801514042,201.51918885088,183.041935340685,203.840485930032,188.571075145694
456,8.98792815316925,5.97746128535008,9.22377168555719,6.62572752848225,0.235843532387939,0.648266243132174,277.590978447542,254.567385834168,276.173698073542,258.203945756581
457,7.1842184946019,6.34516791639023,7.51215091111927,7.05893696130457,0.327932416517363,0.713769044914335,242.721721862995,231.929793455572,243.668833233512,233.133123452532
458,5.81235148580665,6.01651461498332,6.09380704924967,6.53580298838551,0.281455563443023,0.519288373402189,182.583417600381,178.3772984398,185.527424011819,181.641549143366
459,5.61024052174813,5.68693893648542,5.97787962074766,6.28326043193627,0.367639098999534,0.596321495450854,207.446037415202,198.487993985166,212.655735628927,206.363898646073
460,7.70878075723578,5.9067488092788,7.9246045647661,6.32398503579729,0.215823807530312,0.417236226518487,259.035524357797,237.289553805309,260.200101275924,243.047469257006
461,8.00475646027796,6.71690710508563,8.32273893571823,7.28706815554708,0.317982475440267,0.570161050461458,231.176809621147,220.684723058445,231.39865463997,223.363403339448
462,7.84069610358351,6.6190510129239,8.16103544019188,7.3608764786813,0.320339336608366,0.741825465757396,210.252347557284,198.929268179509,210.521596551265,200.130354122226
463,8.35977702725264,7.27038011405807,8.69485815739251,7.84034046443147,0.335081130139873,0.569960350373407,249.812684931673,240.196555114281,250.515478121945,242.674211931794
464,7.0208283393549,6.31631029935603,7.40941754663143,7.18074119916336,0.388589207276532,0.864430899807335,214.796287059029,200.278946614474,215.474829445453,203.265210580523
465,8.10580468234035,5.63384086617688,8.38925869166782,6.12815502960552,0.283454009327476,0.494314163428635,221.295141840425,192.994252042204,221.017640275498,197.972144707727
466,9.35567353531843,7.33556500035488,9.59832715955851,7.66937795614792,0.242653624240075,0.333812955793045,249.977767600201,233.416252384806,250.232486497472,235.258979736889
467,9.6078326946639,8.66681559310383,9.81929234296438,9.16400950446409,0.211459648300476,0.49719391136026,249.136519836917,241.913930323463,248.103694100116,242.836911228157
468,7.42267881980036,6.15757619684158,7.72937995029519,6.66307301890234,0.306701130494837,0.505496822060758,237.39042525521,223.931827411305,238.921904280921,227.75691231931
469,8.20340611974069,6.5707933413269,8.52508171943221,7.17583038438618,0.321675599691515,0.605037043059281,242.429663036206,223.089781032743,242.458803265157,225.974733582083
470,6.55981172330699,5.94216705749687,6.94260754975,6.29488185276538,0.382795826443018,0.35271479526851,191.67244706694,179.919522652221,195.529697467542,185.263165685376
471,9.98245415540313,7.15572307381972,10.1531966539246,7.50603972381837,0.170742498521456,0.350316649998653,248.709421989216,237.120731871413,248.10002823848,238.353778202784
472,8.00888142032093,6.98420267356012,8.27135504906643,7.73973430495851,0.2624736287455,0.755531631398383,235.89610171672,231.783271330641,234.905451178365,232.414547027765
473,6.65758742855985,6.85239580278863,7.05769781174255,7.61775008977579,0.400110383182708,0.765354286987167,182.892797296733,172.163650689698,186.209544659591,176.245759160967
474,6.57769751778621,7.71618711818887,6.89045209407961,8.41520498245319,0.312754576293399,0.699017864264323,219.912250743627,220.08618203421,222.866863054661,221.670911127154
475,7.46666899463195,6.02597880889801,7.78254611228958,6.70657582312181,0.315877117657629,0.680597014223799,246.863853520384,224.027828245604,247.497603644393,228.471194989975
476,7.13490466674532,6.51972563657071,7.40537346536977,7.17629408428245,0.270468798624453,0.65656844771174,217.302547495879,207.781943688628,216.312496669822,208.893850119918
477,8.39138964489619,7.32707286270083,8.69270675734119,7.88893208447611,0.301317112445002,0.561859221775282,233.924460616088,226.176022573259,234.979203883698,229.935827076294
478,7.84160152006679,6.62883669269994,8.15627153386463,7.24608496860847,0.314670013797845,0.617248275908524,243.726870259137,224.18576749483,243.931194541662,228.222972875834
479,6.35441583708809,6.06257857919282,6.58700396855936,6.59425520202468,0.232588131471266,0.531676622831863,237.637967005143,227.157597117497,238.458236303089,230.107109317311
480,9.12506327088585,7.74105462780278,9.41097740716672,8.39116862844747,0.285914136280869,0.65011400064469,257.070155116826,246.877209731949,256.675147011829,248.284000351048
481,8.53292150226863,7.13507449834979,8.7857455606878,7.55641185643887,0.252824058419169,0.421337358089088,258.424451448998,239.830598577922,259.035924800213,241.340945415724
482,8.3662816333499,7.36145914193475,8.68271177595439,7.93820617160242,0.31643014260449,0.576747029667668,200.109000765837,193.314450251231,200.407887170728,193.99560132755
483,6.45110860620715,5.91013490897359,6.68967724771793,6.18779915886267,0.238568641510774,0.277664249889078,197.436752072364,185.882323414697,199.411480625973,189.329844263868
484,9.87250488398466,6.6747386730055,10.1812446951877,7.38013020523178,0.308739811203036,0.705391532226283,242.512434409236,221.142239877983,242.289454794971,223.585916109808
485,6.05685317717939,6.26919621279018,6.36895092302799,6.88559631287444,0.312097745848598,0.616400100084268,194.501191220024,193.551534147918,197.137738125606,195.861030755835
486,6.94449062091789,6.71606231286912,7.29395400606304,7.42045570416798,0.349463385145147,0.704393391298868,228.035581693648,219.159656857234,230.206967319134,224.0223823453
487,8.02616495276184,7.18152226136963,8.24175600721837,7.62120943997224,0.21559105445653,0.439687178602612,227.622755048234,219.76666630751,229.408373085218,223.555281498219
488,7.80928909453352,6.52349529322178,8.09910584870367,7.40011868175857,0.289816754170151,0.876623388536797,236.914663744295,229.189452605582,237.603102123781,231.900505360094
489,8.18787747344777,7.52047161827346,8.49382788351272,8.03961540641446,0.30595041006495,0.519143788140995,247.147790912995,234.036120632154,247.672491044958,236.352047916001
490,8.55885411477037,6.34644137741991,8.85004335177907,6.90668656161403,0.291189237008709,0.56024518419412,262.318050682338,249.70662882451,263.308942398851,254.062446688545
491,7.988837827156,6.9979343335717,8.37739372866805,7.71622955581856,0.388555901512052,0.718295222246855,247.396210567396,235.204919730924,249.383137695529,238.293298239487
492,7.45902105985608,6.29430547072194,7.77814543192526,6.88320075448956,0.319124372069171,0.588895283767619,232.656327950015,216.993768977816,232.322057305296,219.247665181979
493,9.48529849123544,7.33764920065008,9.74516849507987,7.67801264712877,0.259870003844426,0.340363446478687,263.864682224307,244.835529283605,266.054256351418,247.261378554442
494,7.04766953651279,6.98244798889636,7.40430086702506,7.6887581707601,0.356631330512273,0.706310181863738,213.296105113804,205.419504487807,215.960262226379,209.547338123345
495,8.17776040228059,6.89316746882355,8.4281457378448,7.37772097924228,0.250385335564212,0.484553510418725,215.901249249434,202.416002843122,215.906345906925,203.702354121407
496,7.64660345345811,6.20019328176704,8.04967740447003,6.99224887333763,0.403073951011919,0.792055591570593,230.654178680768,215.666380806682,232.304662422286,220.982927959993
497,8.04915578273378,6.75302337481874,8.39268040303171,7.68866065624822,0.343524620297931,0.935637281429483,226.307233987177,217.587424606888,226.058320594837,220.925404426568
498,7.18886962723947,6.73458414005778,7.36203745761713,7.17236332009224,0.173167830377657,0.437779180034462,230.6594695708,223.689667674651,231.406949124506,226.222417440267
499,7.3127930012633,7.01176588343367,7.61395114406629,7.62260193394595,0.301158142802994,0.61083605051228,213.022364322842,209.65071689235,213.516476149169,211.70936644429
500,8.38016008913501,7.28781441723261,8.72120270223783,7.85037502797985,0.341042613102825,0.562560610747239,268.481427651909,250.192216108991,271.196469446888,254.926874415069
