"r_hn_true","r_hr_true","r_hn_err","r_hr_err","diff_hn","diff_hr","aic_hn_true","aic_hr_true","aic_hn_err","aic_hr_err"
4.17538054904277,4.29233097125157,4.47970905596969,4.78108265274631,0.304328506926918,0.488751681494748,760.824544044449,725.138457073005,780.06737862538,751.028682538062
4.51857873590413,4.38019247714593,4.81367683889862,4.92728869305726,0.295098102994496,0.547096215911339,769.625383040676,720.134306386245,782.571085234688,742.762156901386
4.4889656956144,4.4221805311006,4.79359935462341,4.89638386681357,0.304633659009004,0.474203335712971,777.513941711121,740.571310388637,793.935690557928,765.180034254437
4.2947858803636,3.98976394977266,4.5914811812083,4.50929489988154,0.296695300844699,0.51953095010888,792.787569260745,707.799421212538,806.096263753131,733.736852106516
4.59001630288821,4.26582203031022,4.91933909499856,4.90862640099523,0.329322792110347,0.642804370685007,817.132706157393,777.4369101408,835.68597696037,807.700807759337
4.08050053461452,4.19798192091244,4.38746771686422,4.73285273662767,0.306967182249701,0.534870815715235,733.169458334624,685.304680234949,755.50934749411,721.292087412445
4.19420680117147,4.21510908295779,4.48581131095848,4.74713232472062,0.291604509787007,0.532023241762825,753.254298735071,709.996033927391,771.600222818292,742.457005900955
4.28369315125787,4.39478291242271,4.57468406842558,4.85895324757944,0.29099091716771,0.464170335156733,758.115616996492,717.697449221852,776.029191263957,744.316370847509
4.0580323479743,4.15733917531309,4.40647420701387,4.77898693429458,0.348441859039569,0.621647758981483,745.75814252465,694.436242814146,765.992871535014,723.122658018306
4.63034460967374,4.56137807039375,4.92647770585356,5.15576185475878,0.296133096179822,0.59438378436503,762.162332249484,714.137059783527,773.14449645345,733.161883863155
4.40428355281939,4.40934282517322,4.72030379119482,4.89300039941363,0.316020238375432,0.483657574240401,766.599752067271,726.942298789063,779.262228155538,745.182053034245
4.38078093582236,4.30486681331839,4.64925566617263,4.77986805096373,0.268474730350268,0.475001237645337,776.084246734917,714.81783477952,790.580967308539,741.739180580798
4.17216922871951,4.21260986196451,4.45353916231039,4.69539393876761,0.281369933590878,0.482784076803098,748.789632058776,685.141779534785,764.524982300518,708.344362709434
4.53547891999266,4.58151074445757,4.88146058809199,5.09012385431422,0.345981668099332,0.508613109856652,813.108660985819,773.258426635143,834.385959896996,795.296209004577
4.43664028866747,4.33138012933961,4.73946817768975,4.84453616281586,0.302827889022281,0.513156033476254,802.50706033109,739.257003297808,820.405050575584,770.084370243128
4.41322658117457,4.44666761709309,4.68910855597183,4.88351178103015,0.275881974797259,0.436844163937065,781.00416027425,731.167840427987,796.789014937787,754.05238140726
4.52053382580883,4.35921197157647,4.81791700599759,4.95646034946595,0.297383180188758,0.597248377889475,800.54666328475,737.320253322371,812.903287418453,761.354355037474
4.68409413396713,4.38920066767717,4.98526760072257,4.90105146034896,0.301173466755438,0.511850792671788,817.348279759168,763.915321604924,837.009464434535,790.697806774162
4.09277487245077,4.29400823243304,4.44686449271405,4.8514467304644,0.354089620263272,0.557438498031362,745.516269537782,704.967208151528,762.030070760093,721.027603256627
4.80175481409294,4.61817019493574,5.06841379246187,5.22599092590451,0.266658978368922,0.607820730968771,836.409619011023,790.999140296888,842.715020769483,805.781681768085
4.34399869591431,4.40667464641721,4.62290276893882,4.88565547811531,0.278904073024514,0.478980831698093,777.482962390817,725.038209195954,794.904944339587,750.485379783
4.24898083455691,4.30812561312747,4.57567544318063,4.89888212622894,0.326694608623713,0.59075651310147,767.644385966159,720.467912440683,781.112709631117,742.944934411453
4.53423041783295,4.28081027553862,4.89319099249749,4.9274597979801,0.358960574664543,0.646649522441481,816.117634355615,742.705896125242,832.240939306392,776.192917625714
4.87958697162277,4.4495564947253,5.15819854617181,4.9004518525818,0.278611574549038,0.450895357856502,841.623534129498,774.694007115089,858.552453827893,799.484888721749
4.41320405123173,4.33065319261535,4.7106119312356,4.83973978569113,0.297407880003874,0.509086593075775,778.506198480856,715.825511611779,798.007436555112,742.63454352348
4.43056796440238,4.26544019781799,4.74133523901057,4.86427003161608,0.31076727460819,0.598829833798096,813.51256582646,761.935097566474,826.849836493825,786.412759374943
3.99137268444835,4.40913653529211,4.32034429792967,4.90634911193292,0.328971613481319,0.49721257664081,737.683809310179,708.20485766345,768.154839393064,741.850900363501
4.44097871626204,4.36762570803374,4.72845291219584,4.9477415012231,0.287474195933803,0.58011579318936,784.392639626339,736.439572028507,792.265961602742,748.277241591509
4.28798550796575,4.46801825316225,4.63081432434298,5.00942224532545,0.342828816377229,0.541403992163205,757.763584626199,734.500803176564,782.610671387337,761.723264319493
4.47261522841254,4.50392124571899,4.76516227861995,5.00947949219235,0.292547050207418,0.505558246473361,784.18927231201,745.18147907733,801.537180101478,770.430697366714
4.30880939147818,4.23843068830522,4.64936677787142,4.82034330527775,0.340557386393234,0.581912616972537,792.341134455417,743.659016519363,811.538289599642,771.523378096256
4.46435610405449,4.33112035266294,4.78531324328728,4.85800249900727,0.320957139232789,0.526882146344332,786.053845201355,737.524873771404,803.551535027065,763.136767750199
4.61773796630576,4.55429490973101,4.93233616686816,5.09665593121605,0.314598200562396,0.542361021485045,802.826318416186,757.120456541075,815.442916356418,782.806426993715
4.23193933368329,4.06563536340495,4.48240555541937,4.55573856767009,0.250466221736082,0.490103204265142,766.944079274536,717.443568599699,782.129046904971,745.220620228284
4.64245087644333,4.36515318123177,4.98681538664692,5.00448045227274,0.344364510203587,0.639327271040968,810.684117381126,779.841578655585,832.997774479893,808.299911176724
3.84256115501738,4.32970731049598,4.16186702307491,4.89642368303481,0.319305868057528,0.56671637253883,690.221006799542,658.430142071622,715.287650079895,686.083848061748
4.4580060598546,4.37832022551876,4.75296951904931,4.80416663605533,0.294963459194709,0.425846410536571,788.877325169712,744.46327789985,805.278978084135,763.831726459971
4.12052493726015,4.17265402192305,4.42086880069066,4.72943567252573,0.300343863430509,0.556781650602685,752.487028040309,713.315862029982,771.597900526879,738.797815176939
4.41824158892775,4.42614302967452,4.70466803849384,4.94944984964691,0.28642644956609,0.523306819972392,788.824429234547,746.406495432613,802.131294100196,767.484644306194
4.07452741544189,4.1303668891659,4.34977866244693,4.60667360484313,0.275251247005035,0.476306715677223,756.245753220541,722.013297659863,770.011715305634,744.774157171949
4.30197442780458,4.10532312120445,4.55076143209664,4.61601801931546,0.248787004292061,0.51069489811101,780.893555336536,725.747253943341,792.209196523236,746.554031028643
4.66437213643701,4.49479709456875,5.0144502225073,5.00319993169702,0.350078086070289,0.508402837128272,826.040410896226,790.653160887719,845.526317611856,813.02556835342
4.26167346804595,4.33527112370737,4.56172550672735,4.87968938652407,0.300052038681399,0.544418262816699,768.375092071391,720.075283011731,782.800727064935,742.217693988291
4.20469657320151,4.4534042878155,4.49487716417452,5.05384053750595,0.29018059097301,0.600436249690445,763.858732281342,732.965939765156,779.49164865893,753.147498637789
4.3523585098093,4.39886298469653,4.62731783098112,4.97027602635546,0.274959321171821,0.571413041658926,758.560825472502,703.343891663181,770.3349434848,722.567026395458
4.49148504145989,4.47367320117666,4.7308400893684,4.93677455762726,0.239355047908514,0.463101356450594,805.605743085866,751.607570626945,814.535718195681,770.942160458938
4.09010883045223,4.17765319373701,4.40437952727978,4.69527315303375,0.31427069682755,0.517619959296739,751.771060870109,703.802561097182,775.188468147165,734.548687890646
4.85845350040074,4.82319426866701,5.17367870921699,5.31071873475978,0.315225208816249,0.487524466092763,835.287794930861,792.85563987118,849.632506231877,813.34108209923
3.99730319414252,4.09475784064671,4.35147785463109,4.62212734293095,0.354174660488572,0.527369502284244,722.660851251722,671.558610588986,744.558459234213,697.903595380535
4.77633321843769,4.48940804036527,5.04790183075275,5.033961281842,0.271568612315058,0.544553241476729,835.239952575873,782.885802571564,842.435472178147,801.757964476706
4.47516875873185,4.13712812066069,4.77183383145933,4.66669797085323,0.296665072727483,0.529569850192534,810.129612329128,738.824456120283,826.262637768557,777.046964786026
4.00693128310358,4.21749210593291,4.3531564349392,4.80430734247674,0.34622515183562,0.586815236543829,737.849166232161,697.82208936881,763.077760613367,726.04111480986
4.40885397013746,4.53987376438318,4.74606042428173,5.1305479705703,0.337206454144273,0.590674206187118,742.371464792956,713.741189952164,761.002984830879,735.74027744778
4.04337000617434,4.50221468712892,4.363244038274,5.00049019907155,0.319874032099659,0.498275511942628,716.208804894408,678.290138660968,737.26846476614,697.186000083707
4.64484102240384,4.31806944959085,4.94297999409391,4.86443644344751,0.298138971690072,0.546366993856667,826.787620861882,757.581226069816,836.335439776848,777.150370381835
4.47819628785331,4.53057008128569,4.80050519409379,5.03465901699634,0.322308906240481,0.504088935710651,791.145295784888,749.177383805343,814.755688703481,781.965062292327
4.35546637444093,4.24400215692662,4.68185108899505,4.78694977635695,0.326384714554123,0.542947619430331,788.300811626678,739.733107997034,805.259689580485,762.23077572124
4.40009208748143,4.41507240558858,4.72198602986735,5.07411311188573,0.321893942385913,0.659040706297154,778.677199729171,738.863052695049,797.008004295084,768.702129040602
4.66626075135802,4.51237882775727,5.00791247059916,5.02116956398439,0.341651719241137,0.508790736227121,810.219165800102,765.132585411433,831.258583124465,797.067538551076
4.85530448218941,4.31270868029911,5.10174759502466,4.89836056570518,0.24644311283525,0.585651885406071,851.37323183008,783.191793306938,855.04420361008,804.448813718272
4.26321626100876,3.97834394896398,4.56795779816968,4.5091217441752,0.30474153716092,0.530777795211224,773.163415811495,699.742423596611,791.86076589534,737.008822840006
4.22364146101105,4.42051008495176,4.54558398502822,4.86161811823786,0.321942524017166,0.441108033286099,750.923436709637,715.766922182538,776.20322743984,746.814324421164
4.64270504316681,4.57652500695773,4.95229473980479,5.09233017110553,0.309589696637981,0.515805164147803,806.240829660605,758.171402571717,815.753923797114,774.615767431932
4.50427628950029,4.33678658045559,4.81522623368649,4.90262007347493,0.310949944186196,0.565833493019345,811.155535257092,752.863723634762,829.328705727334,786.386467250699
4.18159304048756,4.27296167678004,4.45280101253968,4.7315595644116,0.271207972052117,0.458597887631566,775.528073305067,726.648638584156,795.556906838608,753.836760643584
4.46970172090829,4.32854789566134,4.75077039613206,4.8234864929884,0.281068675223762,0.494938597327068,789.790894642273,746.797238888778,802.852670378502,765.598117463981
4.16072037237385,4.16504764281815,4.42396013971657,4.59207396573571,0.263239767342715,0.427026322917562,765.339499747123,702.623275931366,784.397179907725,734.608618244427
4.51338893141907,4.2386507178674,4.87330758715267,4.75012411828934,0.359918655733592,0.511473400421941,807.576956372832,745.059832038697,833.214230689649,780.028697116476
4.26841121811808,4.27357915091313,4.56093979192078,4.73899288887737,0.292528573802704,0.465413737964236,778.414426189677,718.166486973475,798.984908661171,751.340875756492
4.5672189583766,4.54942471688512,4.9112917798036,5.20690201505134,0.344072821427002,0.657477298166219,781.752630011067,741.520206487647,804.171369460198,772.308080328675
4.44439798353259,4.53320361527175,4.72980808033777,4.98139679377133,0.285410096805184,0.448193178499587,794.090155751875,736.579773974042,807.493151047408,753.225780348809
4.56487395960261,4.50813993989091,4.83899400666159,5.02204373288582,0.27412004705898,0.513903792994918,825.321106179613,777.193779585657,842.266839381167,800.882185489063
4.09351809034431,4.1825626634583,4.4490092935982,4.85850059166588,0.355491203253892,0.67593792820758,749.778279349104,707.997498868159,776.086564199476,743.273370419771
4.34823788326833,4.49675476517619,4.6716497635122,5.18512330478083,0.323411880243874,0.688368539604633,765.851078902755,721.041367545265,781.776867845335,742.477708951224
4.38216321661847,4.23569718246563,4.74654606620502,4.82228306405667,0.364382849586546,0.586585881591038,787.15242578089,747.26685129754,807.32073393255,776.379067377274
4.17932241472236,4.3439760580727,4.4988427532858,4.90183811336137,0.319520338563439,0.557862055288675,763.925226488998,728.961133244845,785.742657928029,757.051533177036
4.36393032967054,4.52075744850903,4.60708961353152,4.93745087860801,0.24315928386098,0.416693430098989,763.285707218391,728.149724461709,779.944585846825,748.911406952279
4.51248954392488,4.22118077669725,4.80008826780762,4.7182633075474,0.287598723882739,0.497082530850145,835.157553509058,763.486775724778,852.572807223315,798.560979064128
4.59141194226074,4.17822925959688,4.86306289105796,4.65961851908814,0.271650948797217,0.481389259491261,844.77541547953,767.995816032378,859.427520434528,805.755835685333
4.0417336919717,4.17921169320347,4.34455043624847,4.68896225496524,0.302816744276772,0.509750561761766,748.25311162396,689.633767781237,770.577543388589,716.662925340485
4.3688291961824,4.49686437191564,4.64323898057406,5.00513217426981,0.274409784391657,0.508267802354172,768.481359710905,707.059177310713,786.646595510742,737.43113107404
3.94591717850431,4.44393314984395,4.24754212801388,4.8900050007387,0.301624949509566,0.446071850894752,699.945932731566,676.462809574577,725.865875627075,704.324387912468
4.49974170348546,4.45587662397092,4.81390503649513,5.04654763448445,0.314163333009676,0.590671010513536,793.741076526261,747.501349197402,803.868756227418,767.734156816125
4.53688327156692,4.59309989188676,4.8647530928575,5.27583846925924,0.327869821290574,0.682738577372477,790.014046166091,754.895795738789,807.505933664562,774.661047973399
4.09077232713632,4.40722491914181,4.3858831360678,4.87990709904984,0.295110808931472,0.47268217990803,726.981623521272,684.589640375484,747.788010879613,704.555616233619
4.21196332572837,4.17139396607618,4.50059580322313,4.70425286866695,0.28863247749476,0.532858902590776,745.833356516392,691.258577920927,758.519545814325,712.744710277646
4.55714240970834,4.57869078809424,4.86897460845563,5.05312433235478,0.311832198747296,0.47443354426054,791.672791660737,760.717233023316,809.177901331034,783.1608878339
4.44534420099673,4.59647009881448,4.72353079286366,5.04953464496148,0.278186591866927,0.453064546147001,761.595951289901,732.511493445345,776.289467106644,749.386005847546
4.41761209984767,4.36623752847467,4.71612387887584,4.86432935695799,0.298511779028171,0.49809182848332,769.699101505328,717.521610479111,788.85300424773,743.8334061405
4.5308276530983,4.45752779419248,4.8257975929889,4.98372669785375,0.294969939890599,0.526198903661272,790.115582309045,747.479359992011,804.435153019594,767.100149190252
4.28820589281128,4.10620178395507,4.5483754454467,4.56236719409843,0.260169552635429,0.456165410143355,766.06392492176,712.990083599987,779.960146828226,735.956150428438
4.11913922653846,4.3446806129131,4.42134820546668,4.82810544655573,0.302208978928224,0.483424833642625,734.635291091397,695.514604453325,756.047309430508,720.755436609435
4.47642805372464,4.1756272613217,4.81012268155408,4.67866832312015,0.333694627829439,0.503041061798448,824.634693158614,745.980074604386,841.088883676332,768.964360467676
4.59343823656317,4.37282473660339,4.91804228505338,4.98399211536842,0.324604048490209,0.611167378765026,806.133903498343,755.245822002629,822.680551160053,790.408850210367
4.18397073476143,4.39018787467647,4.5492315353222,4.95593283666683,0.365260800560775,0.565744961990361,732.498478581069,683.604542179402,756.508723382452,714.760814280053
4.23971886382979,4.15892519389063,4.60558819833202,4.63725756793185,0.365869334502225,0.478332374041219,780.005677998248,691.963416811439,805.043652712631,728.398854649826
4.36118742087907,4.44951370599232,4.64601767431338,4.97240410160808,0.28483025343431,0.522890395615759,770.571442679296,737.239135183398,786.378165939682,758.740266295947
4.38631831146582,4.34445234320545,4.65128149505348,4.81569737960926,0.26496318358766,0.471245036403812,762.384432741943,730.424303757717,777.450855135786,753.434627527717
4.3513966591599,4.17529590765167,4.72515424229587,4.84910854732235,0.373757583135974,0.67381263967068,779.112989508458,717.248543018921,799.61460271541,749.626533914698
4.07299141057652,4.24520822216833,4.36049922016898,4.71658951821402,0.287507809592467,0.471381296045688,733.031337286289,694.610314819668,758.212855979445,720.647921492605
4.10981997706422,4.36342317049903,4.41808617275196,4.89496363086436,0.308266195687742,0.531540460365333,751.930251106107,712.6245419305,774.67448517554,735.779803304752
4.78819929933049,4.56122942413134,5.11988810248782,5.1164824259779,0.331688803157332,0.555253001846559,801.515487556511,750.56731011002,816.979814598889,774.616182006013
4.30772185797663,4.34626320440613,4.63049680780946,4.9710843632637,0.322774949832829,0.624821158857571,787.268320564064,736.733584730728,806.977707613413,766.512351127799
4.19569912533281,4.70282980053246,4.54771246957512,5.15431239873798,0.352013344242316,0.451482598205519,710.625115377845,697.613483759317,732.681156883027,718.726943675855
4.21098149281742,4.35468452443156,4.54631945606806,4.95884997857868,0.335337963250646,0.604165454147125,748.252834839864,711.166932372906,770.439191013788,740.930903273222
4.22716763566448,4.63946484151894,4.50588870482204,5.19491809592295,0.278721069157556,0.555453254404009,749.674960824757,729.961073484724,767.118134079004,751.700478642921
4.40301712429646,4.39562649595791,4.71567487249507,4.95950403766931,0.312657748198608,0.563877541711395,795.914308016323,726.48374328972,808.65820649481,752.990744813289
4.29732356509912,4.2744459884942,4.60813490667736,4.76596556191999,0.31081134157824,0.491519573425784,763.568827975318,715.982421413929,782.537374247808,745.18626456784
4.44685168057797,4.35489775260387,4.78083454022303,4.95000128737502,0.333982859645054,0.595103534771146,792.327258331653,743.61886584842,810.351660516112,768.748196766369
4.53532285401061,4.50547468109506,4.8574231881809,4.92341859249432,0.32210033417029,0.417943911399259,801.882289746134,768.010093598603,820.850023070446,793.048840415442
4.30610921411647,4.26791241181136,4.58988665044552,4.80624869053455,0.28377743632906,0.538336278723188,770.86135861808,729.607418228971,785.101632206095,756.972298287149
3.99553516484344,4.1876446904071,4.24277693958077,4.68684327662927,0.247241774737333,0.499198586222163,741.049651794893,707.123935926434,759.526190504893,730.10494428944
4.33683011307514,4.29236415127484,4.6125060698467,4.82631902633189,0.275675956771559,0.533954875057053,759.621003457733,713.166422314662,771.883545719436,736.044020788724
4.64237494791449,4.49944942379518,4.90519916758092,4.91992935062412,0.262824219666431,0.420479926828933,820.730054859894,766.745412975021,841.132324563866,794.658576695773
4.50525279089939,4.52291918169594,4.83390999874947,5.06931782819659,0.328657207850072,0.546398646500648,772.900570314883,716.036133975123,792.480104819975,746.704504040836
4.18977146312473,4.25202315387078,4.50461465271619,4.6473012461539,0.314843189591456,0.395278092283127,748.98749217335,694.351991122504,771.048737068277,719.140759178181
4.12800654058141,4.35379433948544,4.44072736195148,4.79901184872084,0.312720821370071,0.445217509235402,745.279104779752,701.006103147655,767.061350394084,730.011182016915
4.01509321008096,4.07335349999874,4.32428390198115,4.60235328040164,0.309190691900193,0.528999780402906,725.280461041864,693.894754771829,745.84725175619,720.307177155012
4.15303425930287,4.21265076549866,4.44610511877148,4.68002421322335,0.293070859468612,0.46737344772469,777.950463311094,716.292015771158,795.155792010247,742.27217197207
4.56127830602332,4.36321181705137,4.815308243436,4.91977533449572,0.254029937412686,0.556563517444354,830.795764830741,756.157984891756,837.141389054835,776.108947965192
4.44185683169708,4.30742468681062,4.72902878277142,4.80581356893993,0.287171951074337,0.49838888212931,772.509430670151,721.991927795872,789.163033327547,750.625012934093
4.19488032712791,4.22941268399014,4.51078376279473,4.84782590412682,0.315903435666818,0.618413220136675,757.993277052347,706.095921176769,770.682439492202,730.021720412093
4.21563820635539,4.23739927931235,4.52371721832432,4.77201436864596,0.308079011968923,0.534615089333611,768.03266914892,726.565280223702,788.346016283252,753.791933641154
3.99607001057037,4.1035427783766,4.38602284118329,4.73019230726769,0.389952830612922,0.626649528891088,753.688382291996,699.941035425573,781.400052022363,736.08928492287
4.52033365666723,4.31173274263455,4.81582613862757,4.90654624388579,0.295492481960343,0.594813501251239,806.020647856502,752.083066237995,817.959704909526,780.231825706322
4.40973220559322,4.13205444742599,4.68047310461074,4.70104940192245,0.27074089901752,0.568994954496458,801.102021210265,749.302241271307,806.982665063066,763.445951117351
4.28985307843605,4.26946071185307,4.60649626727897,4.8166938982798,0.316643188842919,0.547233186426728,763.058357513654,715.824627587612,778.794217500037,744.790011658134
4.26310014233,4.30268563662854,4.53233175763679,4.72876684157642,0.269231615306787,0.42608120494788,751.352844269204,712.168369596685,768.005899241723,735.488988328867
4.31805715263754,4.40897414450523,4.56181319110797,4.87096466119468,0.243756038470424,0.461990516689451,781.39984860601,738.470740106099,793.6560183874,756.109754616919
4.7007862060925,4.50746583481987,4.99522942171436,5.03565090139619,0.294443215621867,0.528185066576315,826.428276503173,778.990275252325,836.310901303199,799.928242026315
4.38508505385051,4.23659349642834,4.69069141800578,4.79481544900541,0.305606364155266,0.558221952577068,781.421806243294,721.354112080201,805.112672353725,753.581997471444
3.81076353079652,4.22073172290756,4.17432323822722,4.71877591362315,0.3635597074307,0.498044190715592,684.028355343835,654.835693327023,708.254316541877,685.336578203087
4.04602542368083,4.23817820175054,4.35427649962239,4.77775707286149,0.308251075941556,0.539578871110952,720.726663104063,685.964567597922,741.368016183742,711.386272277559
4.19645063928768,4.46180513378618,4.49739605235397,4.96294055285527,0.300945413066293,0.501135419069095,750.658354235708,722.182547035984,772.371471157424,747.348203825665
4.97067468348491,4.31201204398107,5.26038776919536,4.88755755197518,0.289713085710455,0.575545507994106,851.167352318985,782.575021329973,863.352815640166,807.420879077129
4.57075052358569,4.39510130183879,4.87575994103118,4.95109844338536,0.305009417445485,0.555997141546575,834.219030242538,780.208259023031,851.03457319997,806.413146829403
4.17117497818089,4.31892619187707,4.4856170076729,4.83680630764269,0.314442029492016,0.517880115765622,746.812427040511,711.278618587787,767.653975032302,739.331063073458
4.24369191123683,4.56874195813566,4.50175672693137,5.06466887863709,0.258064815694542,0.495926920501432,751.000889170012,713.480065435089,767.336162467293,733.189066187907
4.42294223303464,4.1526136048161,4.73331426789051,4.69743753689826,0.310372034855875,0.544823932082157,809.222839416124,734.479038218463,825.913299111423,763.38779516528
4.32558404797375,4.52963600747021,4.63396106112867,5.14961460959027,0.308377013154929,0.619978602120065,763.761291553257,726.669009175579,776.917051501397,744.838080727763
4.58790687031503,4.60977069134833,4.88574220514169,5.19734067959288,0.297835334826658,0.58756998824455,784.397155303282,763.858432428773,796.09048309866,780.379510799168
4.22400806652895,4.32045661975244,4.5169786757223,4.74545126031063,0.292970609193349,0.424994640558185,740.147567164025,703.545969145354,760.587612576055,733.851980200257
4.13741338354364,4.33199296423964,4.48004112772369,4.95136415204741,0.342627744180047,0.619371187807774,748.632420770237,714.953799133733,770.657486067462,742.761969222676
4.09147795558013,4.22538057728419,4.44225350308187,4.81546804615322,0.350775547501733,0.590087468869026,742.20451676267,698.590294721,767.141294648223,728.0917211081
4.23386308954132,4.31999228616735,4.55886196027984,4.82784442267885,0.324998870738519,0.507852136511492,765.507788111177,734.143746825453,786.608622414821,758.477922384214
4.52116280806257,4.27027838268385,4.7946556219169,4.63031171143172,0.273492813854338,0.360033328747871,786.292088639652,722.767141110711,803.742517842635,749.67078632158
4.31650543676768,4.16583722528255,4.65508968601855,4.65904979282931,0.338584249250876,0.493212567546756,792.201738955155,734.75965357487,817.342383749415,765.112633187051
4.23758266605382,4.40849898592738,4.56608748957139,4.89689064996904,0.328504823517569,0.488391664041663,746.280896808088,710.004477681034,770.350172114201,742.192182111719
4.14588967675743,4.2667241973863,4.45009017960099,4.74438377724158,0.304200502843553,0.477659579855282,737.694202888194,692.323922249374,759.725164444329,725.366552305524
4.51275584172558,4.27628478706958,4.82100560962922,4.78881277299832,0.308249767903648,0.512527985928731,805.269229226019,745.827782489418,822.637978167485,773.930962271232
4.23458406715938,4.33690382023321,4.56892152172454,4.87232664083754,0.334337454565156,0.535422820604333,745.493759121962,716.497753347685,769.91393902893,746.363638713104
4.42205761086153,4.37066272429969,4.6382798421005,4.85053829839043,0.216222231238969,0.479875574090733,785.222364445438,739.253861560457,790.452005579931,751.754321450485
4.52039064027042,4.44083270249702,4.8535523357369,5.0511576616054,0.333161695466485,0.61032495910838,815.799659854063,751.641053033968,832.235989643019,780.649121597517
4.34345393742709,4.31346660885129,4.67467261992645,4.898357521012,0.331218682499356,0.584890912160708,754.954028108692,685.810883740761,773.222586142808,716.840658292508
4.44895959703274,4.63145519566357,4.74626643068784,5.10386288758886,0.297306833655103,0.472407691925282,803.832405871025,761.117531407466,820.809206119937,780.017820742882
4.65527138611082,4.51758853934721,4.94290526954953,5.17334367938727,0.287633883438705,0.655755140040056,793.805027859076,742.562447784149,806.904075486071,769.459957263966
4.39947244853353,4.43131992455143,4.79739208328593,5.0146020746673,0.3979196347524,0.583282150115868,764.64531853389,723.957528899279,789.732189875369,758.310645566192
4.08466207162461,4.34157252199622,4.37869252243999,4.77927050972756,0.294030450815378,0.437697987731332,744.227380225746,701.378224325158,766.329335699682,732.828979919666
4.40573395064119,4.47833819713913,4.76944788748245,4.9494300645665,0.363713936841267,0.471091867427368,777.586090627383,730.070393817896,800.666244307546,759.535615532774
4.79311695443832,4.4879935753706,5.04936280647037,4.98406447361984,0.256245852032048,0.496070898249243,840.076566453184,769.042027187105,852.495251887276,795.868559871785
4.26911326238722,4.33962944577128,4.58744580896646,4.93862602250409,0.31833254657924,0.598996576732808,771.115302920365,739.559754086812,788.893058515568,765.51344406436
4.3218742266897,4.1953146827112,4.63010380574636,4.74065055447344,0.308229579056653,0.545335871762238,795.524937736203,723.356276923274,810.551179358305,754.581841856223
4.51032311148309,4.44786279209146,4.80886539922684,4.93131050652754,0.298542287743749,0.483447714436081,802.200829382327,747.546550440092,821.777252240136,776.84862631111
4.44580955343989,4.30509691809275,4.78134797220944,4.8849885870279,0.335538418769548,0.579891668935158,778.585110911923,734.854501850773,794.980808586269,761.824529419158
4.04520395760076,4.37705290511594,4.39351812635387,5.04664377002706,0.34831416875311,0.669590864911123,749.636906586479,720.326016593472,772.258176905251,748.476326005509
4.59373793803472,4.35564808410808,4.8669295444636,4.87668194288023,0.273191606428885,0.521033858772152,799.610966435042,742.924659633544,811.9397061249,766.776873876561
4.40588579478937,4.33572706659307,4.73644017542567,4.92110884576127,0.330554380636303,0.585381779168204,780.330153552602,732.445775816246,800.358414441573,760.862543828551
4.09722704211349,4.19182087901979,4.36109258776589,4.74594237456378,0.263865545652396,0.554121495543989,748.099521803024,704.029972624814,762.072801009893,726.904480639136
4.56212227104301,4.39585372312205,4.88247682618393,4.93586992451169,0.320354555140926,0.540016201389641,805.76599715262,763.718580448915,819.668221479418,785.677063455857
4.43005237372004,4.58962515977207,4.72195941158934,5.0415113895426,0.291907037869309,0.451886229770533,766.32782785534,738.867151640322,779.642526145684,752.844715718579
4.45314893498424,4.38716058461463,4.77827591417146,4.90213278216397,0.325126979187218,0.514972197549349,791.559871081882,745.261291044855,811.672024079861,772.676361742742
4.31270449993917,4.39650306556216,4.62990557544526,4.96555667383761,0.317201075506089,0.569053608275457,773.60662781113,739.515405500583,790.303353036451,763.311573605794
4.0403009251571,4.05753799388234,4.37039733807982,4.71288683662568,0.33009641292272,0.655348842743339,730.365477335443,668.767596888911,747.993267015801,698.107272733369
4.45336161089705,4.28751208991565,4.76626514448544,4.80149364410119,0.31290353358839,0.513981554185547,788.402747428479,733.226843913739,805.477008848062,755.882558246574
3.90500940570622,4.19214815690749,4.2051731956172,4.74693276966631,0.300163789910981,0.554784612758827,709.741726314328,680.876560442544,735.57075344951,715.355788836459
4.8553778688231,4.57262221638951,5.11850859836472,5.1069515042872,0.263130729541619,0.53432928789769,849.314159532194,785.88243907871,854.630356755442,799.295160731744
4.07543079407661,4.38222237992555,4.42531011355438,4.97885790679792,0.349879319477765,0.596635526872374,719.663459699217,685.62931697307,741.747054248432,708.457569891407
4.71107125172313,4.57077363567376,5.01598585820414,5.12364467423133,0.304914606481004,0.552871038557567,809.451881063822,768.171378060255,826.023296350324,792.680065547775
4.33796637547409,4.12786449129607,4.70003387224043,4.69407792253755,0.362067496766339,0.566213431241473,779.754019672144,720.112337858804,799.115725672808,754.65132437702
4.22310754844662,4.53688520161505,4.5602199341171,5.03555076779007,0.33711238567048,0.498665566175015,718.62919293386,695.19425311857,742.67459867198,720.172243280005
4.57348732403856,4.67553913079292,4.89408757341035,5.21486508249394,0.320600249371791,0.539325951701024,796.308961045629,755.195161390375,815.974048120014,780.148950308534
4.57951046742002,4.32027635160498,4.93919580048782,4.89320819747275,0.359685333067794,0.57293184586776,801.848262939844,750.842567626194,817.744062467307,773.594269808701
4.34988828791868,4.36846277856918,4.59953798932376,4.77467567505928,0.249649701405084,0.4062128964901,763.922871109097,713.701839071391,778.923296054812,738.843169483247
4.41037847074712,4.30118399268877,4.75605361239856,5.00273195508512,0.345675141651435,0.701547962396346,794.992564429303,760.685276926811,812.553217339358,787.13360779357
4.3231310194409,4.57210340792915,4.68359157670758,5.21058757221328,0.360460557266686,0.638484164284131,759.982299135789,724.532739677177,780.423774196826,750.549852840339
4.46765318630279,4.34189113036962,4.74965291245127,4.80342261748796,0.281999726148486,0.461531487118345,780.915061425036,735.058660956687,796.152310281446,752.671835959316
4.58224320269348,4.5744850437511,4.89928511531005,5.12155704827857,0.317041912616569,0.547072004527473,789.816267449153,744.244547208662,806.633655244012,768.622529465268
4.27430646612659,4.22212322069158,4.57944556408517,4.79242304433557,0.305139097958583,0.570299823643992,788.051711898426,734.890604178166,809.360772459321,772.104009918026
4.00100525929001,4.18034785983399,4.26912161678349,4.62659471297675,0.268116357493475,0.446246853142768,739.849893320577,696.803512416094,759.790957236291,726.701882769636
3.99148949561842,4.47083740388945,4.33944881083313,5.02267849290743,0.347959315214711,0.551841089017983,711.958495008245,691.011994908009,736.984013941435,713.98295393117
4.0749752072132,4.17914487259086,4.41468365441902,4.71555231669708,0.339708447205812,0.536407444106215,744.149250418095,702.166054919526,771.085288473783,735.325295376645
4.3648212620039,4.28940989459488,4.66031009724307,4.84049123436438,0.295488835239171,0.551081339769496,777.40013902197,727.501674134721,797.434273970542,757.344201996343
4.37181595929816,4.3281742611923,4.67431652073094,4.84657694528319,0.302500561432788,0.518402684090886,785.230321344574,726.413447528559,802.270109358561,763.063107723978
4.5281919799811,4.35445360264263,4.86731989033528,4.9771977998142,0.339127910354182,0.622744197171569,788.67063889116,744.345387181631,804.174070791339,770.888075611451
4.51239074006396,4.05566681485532,4.82951025090794,4.71550282368785,0.317119510843982,0.659836008832526,812.841168738341,742.435918429964,823.16543453412,767.823705723318
4.03407032452628,4.09989613542128,4.37903206093721,4.69717927970953,0.344961736410928,0.597283144288258,739.107513340431,687.825229714631,760.4041303556,717.059302463876
3.94632544927585,4.16646475245266,4.29732001773907,4.70744564354856,0.350994568463228,0.540980891095896,719.839783889823,691.654955119841,744.150831049553,725.147841605421
4.51793378314389,4.6037778953375,4.83876164015323,5.19708227171308,0.320827857009339,0.593304376375583,794.8085018455,761.008682642201,816.010604206992,790.156088323071
4.63404379538029,4.47053220759921,4.88059286742403,4.96630269618418,0.246549072043741,0.495770488584963,801.731835075286,739.414898378145,814.678554751716,760.344593612074
4.07142560820003,4.38886042472717,4.36727709075166,4.85910981444919,0.295851482551622,0.470249389722016,745.058992466027,709.996741727848,765.438783780044,737.994788600414
4.61935270101473,4.55875261323492,4.91888192050718,5.04359272661905,0.299529219492458,0.484840113384124,821.447883892406,754.595303482018,840.45043535314,791.337085540806
4.42169609372544,4.34312478630653,4.77462789306086,4.98935314801071,0.352931799335413,0.646228361704174,783.231763956294,743.084682637678,801.124143324807,769.296782152207
4.02594985879316,4.28024209333608,4.28655461868384,4.76783986576144,0.260604759890678,0.487597772425355,724.732784048842,695.389003994591,740.156782197656,712.345427623224
4.03636793254306,4.1985848239087,4.30129668762277,4.54896493215548,0.26492875507971,0.350380108246773,741.818269539789,684.555369698583,762.120309144116,707.353108371512
4.33926525068024,4.25807225718827,4.65171104844547,4.78811524009868,0.312445797765235,0.530042982910408,800.666190563228,741.082838961131,821.044149716904,769.507985615486
4.6904280253102,4.21267638964581,5.00103544697007,4.7250609873445,0.310607421659866,0.512384597698682,830.391455803796,762.923226388857,844.460978340025,790.613661231729
4.24217715882889,4.25920784148745,4.56240987686832,4.851183629788,0.320232718039435,0.591975788300554,762.552493820541,714.085094153123,783.726935545205,742.828879474194
4.2745776472644,4.27112015930368,4.64110669310565,4.88201867945852,0.366529045841247,0.610898520154841,767.582275078394,729.338560446411,787.438297167441,754.14949787289
4.21302895153857,4.13651339251368,4.52383598758007,4.70443423676136,0.310807036041499,0.567920844247675,767.60178513874,696.118705392323,785.420601140187,727.465929487269
4.20681314610583,4.38852949052946,4.5445838199323,4.97063184608336,0.337770673826471,0.582102355553896,752.177321270304,713.44871200599,773.869755117497,739.877920767556
4.33955099394264,4.23033072257567,4.6142535821866,4.77739067657304,0.274702588243965,0.547059953997377,778.598807218588,729.129003846695,788.759876551935,745.96084343613
3.88944399759546,4.12037318363459,4.2340893208131,4.65835330525167,0.344645323217632,0.53798012161708,708.955889856428,668.989877587962,737.217004495244,705.611507166724
4.24760072983318,4.26844364848854,4.4791227612635,4.75307028062071,0.231522031430316,0.484626632132168,782.072487572777,746.858678182911,794.644769986973,768.350051754025
4.44487111508724,4.30461056322894,4.76613180246187,4.82684749468846,0.321260687374629,0.522236931459516,806.046436741134,739.256987849513,826.628796155487,780.026692937289
4.24418113310673,4.29487582058453,4.60165520141155,4.80029086034554,0.35747406830482,0.505415039761014,770.405920125746,735.020420396887,796.724877588057,770.210322070304
4.44650087902329,4.22827926295339,4.69939014335171,4.59313589688358,0.252889264328419,0.364856633930192,808.076796260904,740.815106490283,825.188764148724,773.488801293565
4.56368657978487,4.58398558251112,4.91451740313618,5.23325939132838,0.350830823351313,0.649273808817253,807.57701404444,768.679657020356,821.899464868875,791.941198355548
4.36863868022044,4.45125357002471,4.6670439739465,4.95592745479324,0.298405293726056,0.50467388476853,788.000383887275,746.747560501422,809.758950895814,775.125410650961
4.43621966071113,4.48096021237604,4.66699810143654,4.96291195548414,0.230778440725407,0.481951743108108,783.348519190336,733.559798081224,796.034137706443,750.988113446915
4.64629036172009,4.55927040233479,4.94073710204235,5.09476650704835,0.294446740322269,0.53549610471356,798.763871197416,765.308425246473,813.68832410535,786.527704651641
4.12913856996073,4.19428345050421,4.40865591850997,4.69874318134685,0.279517348549234,0.504459730842638,744.090988241229,707.777884246437,761.247883734627,731.169084054537
4.31744970456739,4.40927414518581,4.6084661450862,4.96615880731294,0.291016440518818,0.556884662127135,786.944533048356,745.327225453698,808.273821904376,779.220003470438
4.60689719233693,4.56768388846909,4.96028787322962,5.09382160462377,0.353390680892683,0.526137716154678,821.421596039772,773.313582274821,844.917141520119,804.453006927009
4.55523733761121,4.48819107409752,4.86245913385261,5.06566563610002,0.307221796241399,0.577474562002498,807.304383464994,773.402043558341,821.817376135013,795.42139986896
4.34152815241098,4.37990477538645,4.66113387460584,4.91313803539916,0.319605722194856,0.53323326001271,748.387843435451,680.180003222123,762.614958984186,703.267764995469
4.56954336216917,4.6421016432931,4.9049113412246,5.16724277938071,0.335367979055422,0.52514113608761,791.059663679168,737.453912122481,813.832727969146,770.654267189471
4.56731315770647,4.33812559750453,4.89469582615795,4.87912292585218,0.327382668451479,0.540997328347648,784.52682201681,732.929250119191,798.854466267581,757.371841902358
4.40759913791558,4.29335439242997,4.70492708040494,4.8036087044545,0.297327942489358,0.510254312024524,786.049804745809,723.056717752767,805.285825012104,753.548529781741
4.29448818243994,4.45046790615698,4.62200227984744,4.94948613833669,0.327514097407501,0.499018232179708,761.838476607302,731.400649636934,785.444020585877,763.703972404337
3.89827519200102,4.14330358150706,4.22622125947992,4.68166171445348,0.327946067478894,0.538358132946415,720.374407438466,694.375631692188,744.132989628067,723.991572363362
4.33037110586943,4.47242532816054,4.56678605659389,4.92661113395606,0.236414950724457,0.454185805795515,773.10055812113,743.997351660234,783.440903278025,757.696470166152
4.42907162439156,4.34954112925813,4.73064161037384,4.92839485845061,0.301569985982281,0.578853729192485,801.813131746363,739.062848670002,819.588321144993,763.986090607275
4.20766598308597,4.22259754636124,4.55536450266295,4.76714859369315,0.347698519576985,0.544551047331905,749.011702027873,700.762287737172,769.699011204082,723.486895119345
4.27678032374241,4.34254783748287,4.60673725400357,4.92704201846142,0.329956930261164,0.584494180978552,780.279300143513,719.378220727149,800.547575188432,750.516144924167
4.68723317734671,4.49930125704005,4.94834515751358,4.97847776911951,0.261111980166875,0.479176512079461,830.488396849054,792.554128297734,842.090291369277,815.050236611082
4.48561354982542,4.47389079344806,4.78117489292832,5.03723098496775,0.295561343102891,0.56334019151969,779.58719560571,728.239642054344,797.18045631303,759.954060562292
4.55133221411703,4.58448900996468,4.81893050557648,5.04678192561958,0.26759829145945,0.462292915654895,798.717745330031,743.830107195537,811.136898967221,765.145098262944
4.48689932049387,4.31111848987419,4.84439154180409,4.97679515574128,0.357492221310218,0.66567666586709,787.890361322842,748.496155571181,808.513145192972,782.025883345629
4.100976294658,4.43460803468617,4.44537466660622,5.02914351070514,0.344398371948222,0.594535476018966,725.90046047532,697.294530979349,751.072133921609,725.092068759613
4.59506405540778,4.40144393108924,4.91595223860911,4.99621992711067,0.320888183201323,0.59477599602143,832.750367549898,772.530362373932,846.196311119538,799.354641588121
4.3641052435853,4.16926795383814,4.69924544498311,4.80614401010338,0.33514020139781,0.636876056265246,799.897351847876,741.707563376782,821.507785400413,779.516211068833
4.70492823163429,4.41840089121521,4.96664653931769,4.92463507890845,0.261718307683408,0.506234187693243,822.715681729163,759.956506998737,831.874650114889,780.622444559487
4.91243989447609,4.37525416840036,5.17980200622985,4.95503280431837,0.267362111753762,0.57977863591801,839.249835084126,760.957031316042,845.836582059403,778.337015133906
4.49206208885849,4.3479803205371,4.78305915911594,4.79467492960466,0.290997070257448,0.446694609067565,805.57101412485,764.175641765588,822.568132305898,788.642363118342
4.4730299434863,4.35319896739692,4.83157923729927,4.97060485697051,0.358549293812962,0.617405889573593,804.170162374452,750.436508309962,823.261175710297,776.053725612622
4.39062947961758,4.39565079317902,4.59883043488994,4.81491990754478,0.208200955272364,0.419269114365765,785.486923034869,732.747213703326,794.430504546618,751.930030639671
4.04107529074911,4.36402208509972,4.28941848277729,4.93913166174369,0.248343192028181,0.575109576643966,733.613283618922,691.462274748593,751.124133663473,717.717483289341
4.20245672445447,4.36055060916823,4.51923474505166,4.91637573793822,0.31677802059719,0.555825128769989,757.185522713711,717.471521051815,778.685756591675,747.118449993774
4.29686971942458,4.21608980067202,4.64969608540855,4.84473461281367,0.352826365983976,0.628644812141652,797.593418336794,753.062586895681,819.022212578879,780.455996929429
4.37769999331979,4.01352904613079,4.64738872469296,4.50657793061608,0.269688731373167,0.49304888448529,793.314333548778,714.81526904696,811.558301795822,751.576115739724
4.60819834815328,4.28040159372868,4.87666663491464,4.84189175180644,0.268468286761359,0.561490158077758,823.785549437542,764.881701009371,834.255181348604,790.381013033358
4.36120017982446,4.31655157041932,4.62802895552571,4.92154080232295,0.266828775701245,0.604989231903625,759.675638433609,735.951163057988,772.432589746236,757.88875407205
4.37385300258894,4.59811665535765,4.60857481996084,5.00343525937211,0.234721817371897,0.40531860401446,757.558889905259,719.312120847166,766.263617726383,734.00021705099
4.47704028860399,4.53661957957809,4.79768858346502,4.98641478576041,0.320648294861027,0.449795206182328,783.44231119307,737.099459471613,802.782585609131,762.685959830116
4.22739083984162,4.3232055916262,4.59216295846385,4.92299145524215,0.364772118622231,0.599785863615946,762.299256030355,725.59826608728,783.24868568664,750.845197102875
3.98909778877302,4.20159874732991,4.33902223650249,4.8135918949383,0.349924447729474,0.611993147608389,751.358870725473,716.75599470097,778.636088095051,744.883887178748
4.22468176353371,4.27088623325853,4.53177534924349,4.77582203462683,0.307093585709786,0.504935801368301,747.9986501301,698.327994388499,768.221291918977,724.232272466562
4.64834394626995,4.32701452239928,4.95252635539526,4.81968362499492,0.30418240912531,0.492669102595645,789.47777695,733.925423450019,801.25321954419,752.906666405667
4.2695856676612,4.20746879277279,4.55932295593509,4.65724118129193,0.289737288273885,0.449772388519136,789.626776922103,742.685680394138,813.937812286548,776.93623600749
4.6547465313397,4.28794791699596,4.97893972848925,4.95591660098909,0.324193197149545,0.667968683993124,825.189966820101,764.353996977586,835.587591725738,792.566217155903
3.88292613623959,4.09948389809865,4.14833356965596,4.61884604967472,0.265407433416378,0.519362151576073,733.035938360936,708.050232763717,752.812757082736,735.893536018268
4.7744316087027,4.41629641028795,5.04051905637416,4.93166398834183,0.266087447671455,0.515367578053882,863.693681451426,805.601809013949,870.334106249195,822.45075193406
4.33978338738528,4.20122871927463,4.68838233971216,4.77381648916024,0.348598952326876,0.572587769885612,791.454048148136,740.789481196146,809.513314635745,770.611385528929
4.41790695484849,4.24414312923896,4.75631961217299,4.82322932644388,0.3384126573245,0.579086197204912,774.591805967444,725.058954075116,797.776353624359,759.787516560752
3.91897965494842,4.10377496892964,4.25081976623839,4.65501359809441,0.331840111289969,0.551238629164769,724.693918084916,677.302313568973,749.835814194312,710.710737511462
4.40976126596163,4.32456465017782,4.65396223730338,4.8209478249774,0.244200971341744,0.496383174799587,787.017005054861,745.487320629586,798.728351039404,765.931491931648
4.36695014021606,4.38322661664382,4.66801876120123,4.80046006751785,0.301068620985165,0.417233450874027,788.128345558835,754.488925779986,812.145817670846,784.855038418988
4.39657353311662,4.45238063578022,4.75609667646751,5.10193361601706,0.359523143350886,0.649552980236841,810.439328661936,759.992459462024,832.100131175815,791.110511919656
4.68287634627475,4.22095060480487,4.98848465181073,4.74570710591654,0.305608305535977,0.524756501111673,802.552116946328,726.115151270671,813.798956786297,752.541011962065
4.35361363753715,4.40012388815074,4.70862111692503,4.90308730076943,0.355007479387876,0.502963412618683,788.652299354832,759.93853848768,811.936692602678,788.591872688654
4.4229142028044,4.3678998197316,4.68327989455581,4.87869932421959,0.260365691751406,0.51079950448799,797.403864500149,754.95612974666,805.774735281651,771.895407879076
4.10558500091342,4.29336265484633,4.4337341799003,4.84123667238162,0.328149178986882,0.547874017535293,734.390625464072,703.63498149386,754.79270010316,728.575100505083
4.55954901020865,4.42524032003071,4.82995779647119,4.95155392397056,0.270408786262536,0.526313603939841,823.386396398401,767.198967321455,837.055324768324,792.905273741713
4.33249112572562,4.50691360971321,4.6500056805345,5.03717915914102,0.317514554808878,0.530265549427814,773.140749925451,732.241066753189,788.716655005929,755.633021936136
4.63390729080047,4.37211739993839,4.95060917543365,4.91487636646671,0.316701884633172,0.542758966528315,836.545714518879,776.270043296111,851.238632130112,799.725822151404
4.25111178418533,4.34852604638865,4.52794703516048,4.80787638724673,0.276835250975147,0.459350340858081,785.123184689359,743.35179174042,808.066140781792,774.81999258253
4.91919670401193,4.46675494092734,5.25409433904081,5.0276857820859,0.334897635028881,0.560930841158553,888.209164879406,816.240903968348,900.885199589825,842.841783385887
4.36924596752595,4.43250489571401,4.68057850742329,4.97846440216727,0.311332539897347,0.545959506453263,782.969526906592,733.581476713527,802.5643966653,757.689323955602
4.1125655198797,4.08533723950746,4.483442851168,4.78877588220112,0.370877331288299,0.703438642693659,748.897392395852,710.013353684311,769.144487641063,738.148303513956
4.15217441052528,4.12548346346966,4.52627561216477,4.74410989271126,0.374101201639496,0.618626429241607,744.280430392423,700.015450945592,762.259133571181,727.677433635394
4.15704615618743,4.25048233403576,4.47556928092416,4.72707758282857,0.318523124736738,0.476595248792804,752.588499897003,702.238842642953,775.383993822635,735.199140861693
4.55793685554785,4.51938741482005,4.88614898424867,5.03741074481151,0.328212128700829,0.518023329991461,800.073670395194,756.436735306899,819.30725625172,782.807642379502
4.24924977819195,4.32013530736698,4.57294493921901,4.94635684347573,0.323695161027064,0.626221536108749,773.119692652535,738.075056970427,796.134515683021,764.506442935294
3.92199515898893,4.2606719515472,4.23027391281898,4.83958425173319,0.30827875383005,0.578912300185997,712.439072516612,694.774828146785,734.897498290142,716.795733566831
4.19422394115038,4.41906867494553,4.48096327081476,4.93560658905576,0.286739329664372,0.516537914110226,770.951847438676,740.435998172313,792.983921622313,765.696835852821
4.29243671281004,4.5600207439593,4.62114828369394,5.05362942150499,0.328711570883895,0.493608677545691,769.016465880008,735.338604352879,791.792363799203,764.034182288172
4.60720447259194,4.62497480202832,4.92052117855243,5.11932688838302,0.313316705960488,0.494352086354696,786.376513532011,749.638641142567,807.045943206202,778.590738069756
4.25255733989446,4.3657823592442,4.56620189320748,4.93633989388745,0.313644553313016,0.570557534643248,761.737769142505,719.531062997441,782.361360796493,750.185646532246
4.07510489231119,4.33148138705411,4.36803728639365,4.78405173420583,0.292932394082463,0.452570347151729,725.048216210903,696.526358407048,747.947532468332,723.153187771941
4.52458996956667,4.24835031147157,4.79119523731477,4.7326834298924,0.266605267748098,0.484333118420833,814.718267233009,753.433725080595,827.262121763374,774.14504330871
4.19079420626936,4.34571999564676,4.49962185418616,4.8739978620498,0.3088276479168,0.528277866403043,725.725160507997,695.434069398503,745.908047946246,724.517886649998
4.67104794400863,4.31378309676928,4.99506350904002,4.8402287099379,0.324015565031383,0.526445613168619,822.315124720491,761.366764165239,836.663464776115,790.043462767
4.6701477216183,4.52112271490244,4.99409952055513,5.03574889126688,0.323951798936832,0.514626176364446,818.33845995804,770.699251868173,830.371174147795,790.078477611848
4.27994443145469,4.59713990742047,4.59573409043213,5.1762632351514,0.315789658977437,0.57912332773093,742.222392140811,719.172706495214,761.289673135198,741.99950402464
4.28552766291418,4.36586436811427,4.57038395476297,4.9105500815955,0.284856291848791,0.544685713481229,776.39924461162,738.660281351569,789.08655579289,761.016516509639
4.08145666266876,4.25794025219109,4.41612165369031,4.70979350944946,0.334664991021549,0.451853257258369,755.711545302686,710.715113752506,777.595220491257,736.678315946574
4.14548051753072,4.3488680063939,4.45255942664368,4.76585339666649,0.307078909112957,0.416985390272591,740.350372554594,706.799391240918,762.749880388435,735.83972062268
3.9743902122982,4.01570700781774,4.30276066187385,4.5534304466281,0.32837044957565,0.537723438810356,732.187842955284,690.001356011317,755.192822585984,718.034103421879
4.266503106286,4.15685265181825,4.58361469832787,4.77086199348547,0.317111592041874,0.614009341667221,804.914296491709,743.004272314414,822.78558448098,778.586577094415
4.53034840499276,4.01857053324511,4.79340501993728,4.53978380734364,0.263056614944519,0.52121327409853,836.65327891717,753.590364050657,852.938966795839,791.233645526879
4.22507443028187,4.29779265045279,4.52620930713541,4.78535183757738,0.301134876853539,0.487559187124584,756.603455139652,702.135350250642,781.544859741084,742.149645075402
4.37568994866096,4.56665178801558,4.6959597285514,5.04014498118535,0.320269779890436,0.473493193169765,781.952229950056,739.860048861294,809.675215698699,775.428263193579
3.93122717942503,4.17384563544188,4.26495602362398,4.83413709250952,0.333728844198944,0.660291457067636,724.232901882137,682.69407839493,748.220439543786,712.567670565484
4.21723038355013,4.46883536759325,4.50377634865302,4.98808396567631,0.286545965102889,0.519248598083068,752.563560524056,723.232919370589,767.719728985589,743.961251630024
4.40255748919154,4.30325321615361,4.76920995394872,4.88159866749829,0.366652464757183,0.578345451344686,801.562067575612,737.422471834582,821.642976415772,768.478812157779
4.30155344526955,4.22992874746185,4.67415397210774,4.92386053712026,0.372600526838193,0.693931789658413,762.634247024616,703.258709125684,782.815425377521,742.307717113836
4.18163119819093,4.48173974703928,4.54007276701252,5.07806048305998,0.358441568821586,0.596320736020703,738.558568493786,705.92930502426,764.61466871502,738.696433465423
4.21958061500299,4.40774622713388,4.53801790986317,4.87806085904177,0.318437294860173,0.470314631907891,763.355886806587,729.30719582201,784.020208298777,752.244494296075
4.3752146245403,4.46713849119989,4.71966541511903,4.92265769691416,0.344450790578724,0.455519205714267,777.521011085796,746.206156149452,801.132728452408,771.753856526785
4.88493707810006,4.57682955848606,5.11694644712232,5.01162920601537,0.232009369022266,0.434799647529315,828.201425948262,773.336779918161,844.88284172958,803.509745659542
4.25149665374545,4.21854502827412,4.53662373897345,4.83297044941661,0.285127085228004,0.61442542114249,759.91314205486,729.744921886634,777.282884087922,753.813194472035
4.66487839825862,4.35636631700906,5.00676152590768,4.9932814063941,0.341883127649057,0.636915089385037,831.68940688265,773.385256231657,848.643047490453,803.022309930864
4.43394652395831,4.36065274045572,4.77543172461617,4.8996299966855,0.341485200657865,0.538977256229774,779.86453703379,713.822235801004,797.297621595957,743.778801902879
4.29510942473638,4.33810530613613,4.6213826387223,4.89505693061831,0.326273213985912,0.556951624482175,787.655152473584,746.784332453608,809.14612711119,779.707661849189
4.17513586441663,4.27327656131527,4.44581189500365,4.77542478702076,0.270676030587026,0.502148225705487,750.402551710723,706.969339142195,768.984742863432,731.98919900063
4.40750960139734,4.40372577474688,4.70861535716148,4.84972768273721,0.301105755764136,0.446001907990326,751.457851079826,702.568263638021,763.297757069221,719.126560255319
4.24274681012036,4.26184492068319,4.54738436405781,4.84124988404511,0.304637553937448,0.579404963361921,757.912156573275,715.255281872127,777.60207569097,741.378809454852
4.13198049329654,4.35765139813801,4.40652854191383,4.85098332853822,0.274548048617291,0.493331930400207,755.476694068026,709.087897874656,777.120367329068,743.978772379604
4.20788269849298,4.49618265997327,4.55620691711444,5.12772030459402,0.348324218621467,0.631537644620755,752.094762655414,716.673216402992,771.339968742035,736.642340846955
4.73233727940499,4.26346026029497,5.02516506173655,4.82972524654874,0.292827782331559,0.56626498625377,853.206923328654,776.871463206183,863.331300001947,802.791744405388
4.62149634717589,4.29334712542876,4.94743081641454,4.7895496800392,0.325934469238653,0.496202554610437,819.634555226899,751.063234358986,837.174253585026,781.445248766579
4.53475436102712,4.57998655188267,4.87692853592097,5.13591807745365,0.342174174893849,0.555931525570982,789.605382448588,754.03127780439,807.662025902711,774.797586890596
4.42680114945073,4.4027765829631,4.74455167211217,4.96352404073751,0.317750522661441,0.560747457774402,775.702541950432,729.792239372536,790.889322432234,751.169848727439
4.09884181262791,4.12658546260373,4.40661204402807,4.59681004128565,0.307770231400158,0.470224578681921,765.101250587163,708.49847290422,786.382003966426,738.799451984072
4.54897422041439,4.49413316932095,4.89223439423668,5.03872309446041,0.343260173822291,0.544589925139456,811.168797937058,757.600557406716,834.146139320797,788.839971150859
4.41390978547732,4.32813599008317,4.76048286856719,4.84948964660761,0.34657308308987,0.521353656524443,784.222507614353,727.902365546252,807.191197146577,761.91414259636
4.18802110814505,4.256184375953,4.50358132044478,4.80108570158057,0.315560212299729,0.544901325627573,754.274174889689,697.50270414326,773.223431335878,722.945118755054
3.81517671236935,4.03400870706971,4.11185335609922,4.5278194895992,0.296676643729865,0.493810782529495,706.85949292448,674.915106820283,727.766900271757,698.09322656566
4.56304614255222,4.27788749064976,4.78275392083433,4.79060193842569,0.219707778282109,0.512714447775925,831.319309651934,767.777242793714,839.922384915132,795.313004711782
4.21866910549397,4.24072287419626,4.55969782303154,4.72419505200867,0.341028717537571,0.483472177812418,766.248914757975,738.987671546425,785.759001934563,762.618741837099
4.38589968305943,4.31531109350284,4.66508040319553,4.79252609484352,0.279180720136107,0.477215001340682,765.397131345949,717.641766675015,779.807242859492,745.645293333186
4.22277439160771,4.25938542479807,4.54114103690243,4.79059279917417,0.318366645294723,0.531207374376104,763.369823206911,723.387640651213,778.136162481552,744.807389986915
4.49608528293421,4.3798936339137,4.78447613288686,4.8923018673897,0.288390849952655,0.512408233476005,798.160331184179,753.815049900024,811.564186876511,779.704090326509
4.1029080082471,4.23147453021743,4.45153327167564,4.71704730599918,0.348625263428546,0.485572775781741,729.728741578893,680.210199404785,759.102184339084,711.911231034047
4.01402178262244,4.19947254398304,4.32756942388395,4.68051421474617,0.313547641261501,0.481041670763136,711.650432535145,679.183816814955,738.675556369923,714.327177010474
4.98203165099296,4.37826749690624,5.31800077056015,4.92394993167135,0.335969119567185,0.545682434765107,857.594687278196,779.389743077547,869.305324037998,807.398288550003
4.3468545984751,4.30106381271535,4.6838079479452,4.90130838422771,0.336953349470099,0.600244571512356,771.063571320046,721.131934567997,792.729576688927,753.491253207102
4.88317326126707,4.55684687084493,5.18444451419991,5.14454438104268,0.301271252932841,0.587697510197755,810.230780500799,748.823713830538,820.635335945297,775.110957601036
4.3326829535416,4.40188466340852,4.627925568167,4.87741286070659,0.295242614625394,0.475528197298066,782.394852322134,734.025183522189,799.070319299771,755.5683640591
4.49030934382105,4.3940840583239,4.7744675173557,4.8909245176547,0.284158173534647,0.496840459330802,799.946961451518,734.48187210527,815.273464892008,764.273630447039
4.42072995691829,4.57219783023632,4.67207751587514,5.09878032785961,0.25134755895685,0.526582497623292,787.863363710865,749.086787206104,798.488750934795,767.380972560746
4.84177753686369,4.37158682606156,5.12930479311016,4.95659719030114,0.287527256246474,0.58501036423958,825.656491824035,763.924730572394,835.723239620474,790.864486353223
4.60464849033723,4.14555490184897,4.92307852519127,4.63483663851775,0.318430034854041,0.489281736668775,803.93991509858,735.603873909346,819.863776133954,761.314526696624
4.51971535847686,4.33481007473097,4.78952124757074,4.88869057348094,0.269805889093888,0.553880498749971,792.664243147157,750.003660733574,802.615640380113,765.914764914541
4.01139437510392,4.23653670186193,4.32201121471661,4.74770148518152,0.310616839612687,0.511164783319594,725.215489405203,690.459103781618,747.324296948149,719.91271516192
4.35231449340251,4.42911810675954,4.66388029762048,4.94902280142851,0.311565804217973,0.519904694668971,750.786201216979,706.38312123373,769.731833645532,736.36160437786
4.54130571143049,4.38658570792274,4.80422764323621,4.8876073490191,0.262921931805723,0.501021641096361,802.916855948509,736.728633018907,813.915840759176,761.903528480557
3.92895291388467,4.14654523567675,4.29355418826173,4.75607801517739,0.364601274377062,0.609532779500631,718.849443140272,670.687336917027,741.90100586501,696.922906392386
4.52558522413363,4.28982705699468,4.85496040156246,4.98271724307474,0.329375177428829,0.692890186080061,797.773879752952,747.863490048414,804.561521975484,765.420538932255
4.54164078890585,4.50902813567359,4.85667328779567,5.01826015313974,0.315032498889814,0.509232017466148,796.168645899837,738.846159292464,810.05215733411,766.555985745593
4.61942516648737,4.42283827489316,4.96190943135069,5.00735574241449,0.342484264863326,0.58451746752133,809.979439408859,761.418686541668,827.863279809625,788.29324976387
4.33411325229968,4.42229771351324,4.67151872576879,4.97861430534989,0.337405473469112,0.556316591836653,790.616729641671,744.582286650421,808.378585219904,767.886597921566
4.79961367371282,4.55113148899224,5.12272538967513,5.1047564739531,0.323111715962311,0.553624984960858,839.46201616784,782.618697024544,857.000611994627,811.171809756161
4.27926022021249,4.14273618162868,4.56662222290589,4.63173224715432,0.287362002693403,0.488996065525634,778.74986355843,731.543276348809,793.889886878539,754.713305593683
4.46106083562868,4.41637464645792,4.76624046592427,4.9094696038312,0.305179630295597,0.493094957373286,785.627696134435,743.7005524609,801.620557818333,766.066016131146
4.1729586111871,4.22551351128641,4.47737065431534,4.58973309102643,0.304412043128241,0.364219579740012,733.931562494387,694.86679570831,757.45400313972,719.49305927809
4.59663754022309,4.36894824631311,4.93828720012633,4.89183336570114,0.341649659903248,0.522885119388029,816.253354466124,767.276504636743,833.992130860381,794.830654848284
3.94193584534529,4.19573381157556,4.26029439505769,4.72915296087172,0.318358549712401,0.533419149296158,723.842169491747,677.027531514139,748.860513805687,710.378681637497
4.23470366882262,4.40316582467723,4.58445158224041,4.96614942803162,0.349747913417785,0.562983603354389,760.348308264449,725.548825749567,779.533584609049,751.658534047503
4.14976067127069,4.23500483829753,4.44790442066299,4.66246893459851,0.2981437493923,0.427464096300981,755.516827926335,703.105730026476,776.425992718337,733.014369688813
4.29156600407995,4.1744994303284,4.60369664629164,4.65604320081016,0.312130642211689,0.481543770481762,777.694721070654,720.476531320017,799.522928488039,749.630098871933
3.92003166034687,4.27162730051229,4.16910342301334,4.62869274475969,0.249071762666477,0.357065444247407,722.390269066632,697.725487698279,744.09179449683,723.336119613688
4.25029478966309,4.40559133263955,4.55315772009275,4.94836349207084,0.302862930429662,0.542772159431298,768.970826777172,717.81426426996,785.265652652379,736.51251963188
4.47142295765296,4.57458474226611,4.80592567285151,5.14231687208911,0.334502715198557,0.567732129823004,789.033705332022,752.72254879421,805.846364294775,774.425616239678
4.25436703052209,4.45997743228033,4.55280679681476,4.92131198680636,0.298439766292664,0.461334554526031,785.844174121785,756.389824744565,806.217559799193,774.768455647978
4.53749988436209,4.413352398516,4.88117392990657,4.98937099088137,0.343674045544478,0.576018592365368,805.889300376012,764.205235454116,825.73898840352,792.62490593669
4.14458064155051,4.28938290858899,4.48062326589723,4.81563382121983,0.336042624346727,0.52625091263084,726.552487638846,686.454044306852,748.101993096806,715.289338677061
4.39188051263084,4.23154264890517,4.71255411291244,4.70041001671675,0.320673600281608,0.468867367811578,791.347530339744,727.037739748261,813.409824064482,758.648688910241
4.13202801923725,4.26527524279877,4.41542299774264,4.76009058069037,0.283394978505395,0.494815337891598,722.237137834226,693.551450092522,737.735573280497,716.536898313574
4.44139853055298,4.78342586141515,4.77088658376162,5.28518531723957,0.329488053208647,0.501759455824422,768.868067848337,733.391535483981,789.947479797375,752.44546041906
4.41617330289762,4.29942924350281,4.73064321515956,4.79015855108716,0.314469912261943,0.490729307584357,794.332674168868,738.812801918482,819.946720352165,773.324002434885
4.34858928171354,4.8249003145569,4.63091022973306,5.28312181874363,0.282320948019528,0.458221504186734,757.563804646386,739.627046188189,778.607919350358,760.853123711108
4.41153427139587,4.37024105184307,4.71963550544468,4.87889270456887,0.308101234048807,0.508651652725806,774.0407058517,732.603200483868,796.313143004095,757.622284317868
4.3452868340621,4.55304688128276,4.66431799598198,5.15347171747359,0.319031161919876,0.600424836190833,776.299046246024,754.613324973216,794.589463066467,770.228518996138
4.08584199708359,4.35579543521235,4.39039045561971,4.89339642885401,0.304548458536122,0.537600993641656,750.753175261811,708.580973164173,777.65586021435,743.448362978735
4.61335689050727,4.47771378428005,4.94611357326229,4.978242737276,0.332756682755016,0.500528952995952,793.316845154304,744.843169387065,819.900762928689,779.846017395808
4.3360973609466,4.43444992476195,4.64875010982439,4.94760748074491,0.312652748877792,0.513157555982953,764.643766969934,716.784359522598,784.770394667669,746.851898106221
4.30037309225738,4.22859824953063,4.57200636935904,4.72224771720181,0.271633277101656,0.493649467671181,785.171917203989,714.451917988432,798.716073859589,740.514273582804
4.90883589128032,4.40046809629136,5.19135898154659,4.9113084531861,0.28252309026627,0.510840356894747,861.871934962273,780.456630486363,870.094550724475,805.556956696008
4.55823671236134,4.35235839244322,4.90161296650869,5.01392573193037,0.343376254147345,0.66156733948715,786.571338189129,740.19580056118,804.54500494555,771.922040041319
4.40393091209526,4.3947102106522,4.70633099311028,4.89054331878037,0.302400081015013,0.495833108128169,774.723907219902,727.344125786727,792.863013902688,753.696621619893
3.78650268147411,3.96749311375197,4.08472658648363,4.50627750378044,0.298223905009519,0.538784390028464,732.823514706566,697.34629706776,758.088741853006,728.194566603589
4.05096559576731,4.52895423025451,4.39891066033708,5.06666604991768,0.347945064569769,0.537711819663169,732.516546883032,711.046623684055,755.857296458416,732.094932760981
4.54840041055139,4.4214290141922,4.92934892022819,5.17284901560424,0.380948509676798,0.751420001412048,803.273769046228,765.628601633341,820.722045242896,792.82070158109
4.18042108769803,4.11242856713919,4.50822322374205,4.65287067198385,0.327802136044019,0.540442104844661,764.213292723368,700.750894083812,784.232112764043,733.956889220015
4.61884902444574,4.41441163651193,4.91030538632207,4.9115773279654,0.291456361876325,0.49716569145347,807.100977813077,759.468006382914,825.61138566709,785.093287485314
4.62301486525785,4.3902929145427,4.91127027181841,4.85879861228572,0.28825540656056,0.468505697743017,801.126703606915,751.592857758716,815.779821217549,775.478274812995
4.39887340522752,4.52161325761121,4.72983020907558,5.0307096476537,0.330956803848056,0.509096390042492,751.325383321967,722.058065602789,775.05093124203,755.968527468757
4.80364382714102,4.48889362230566,5.08497505253238,5.09646605601779,0.281331225391356,0.60757243371213,824.837283350515,772.399762678781,834.647258925395,790.689463131197
4.68760241722224,4.74154600468004,4.93352210184124,5.25745397144569,0.245919684618997,0.515907966765652,801.387242451702,765.838492257592,812.558852836879,788.444543874
4.45376029223309,4.64948994165685,4.79554117073778,5.20368830412494,0.341780878504697,0.554198362468086,768.472143176302,728.555201509293,789.311755081535,751.916543259043
4.50104809419677,4.21060672834628,4.8095512321448,4.70961411293186,0.308503137948031,0.49900738458558,822.713215474998,764.250141856467,842.808891105434,794.710391833467
4.49830750847883,4.54934093962099,4.75612568136913,5.06878849029975,0.257818172890304,0.519447550678753,792.536849522311,750.137556136128,805.52796764538,769.698785755131
4.18025311703888,4.22805943309797,4.45683545075779,4.6460941642596,0.276582333718906,0.418034731161628,765.045806333784,711.484118582791,784.962684304574,744.021680316158
4.31683542136985,4.32720837003126,4.58379381850641,4.8768764530291,0.266958397136555,0.549668082997837,793.655393660144,732.969366803827,812.050149683128,764.544481955145
3.93744264188342,4.16761717868599,4.20948046190413,4.742654784984,0.272037820020718,0.575037606298014,747.789163723086,711.531900989468,765.941990086542,734.078944978452
4.51626511546912,4.2666009892396,4.83536871819711,4.84809622057048,0.319103602727987,0.581495231330886,788.28875105308,725.818761421475,799.964953874692,747.732378523666
4.39825778765165,4.56520325639002,4.71524237547062,5.16928563673223,0.316984587818975,0.604082380342211,756.192228677921,719.10466738563,775.064535510899,746.673706832531
4.69899374192981,4.58506749783826,4.99247008841554,5.16828707794721,0.293476346485735,0.583219580108947,828.844528861916,791.514477033299,847.608852873896,817.833496709822
4.36223469128922,4.33252359938107,4.64848932302577,4.84849395552859,0.286254631736551,0.51597035614752,763.926066699952,723.235309053323,778.371320485483,739.302508374937
4.36736211625586,4.40982237124683,4.76883680550227,5.04896040399711,0.401474689246412,0.639138032750285,774.238497565389,724.45124833,796.822184742874,757.146034814501
5.14954204499013,4.38009618042203,5.45253459187016,4.94056122689345,0.302992546880033,0.560465046471421,873.873970257315,798.065093008953,880.059969029289,818.935989501972
4.26554002892362,4.31864649798162,4.62784955280964,4.9363115155873,0.362309523886016,0.617665017605674,763.8393538937,739.022343130518,782.16670507555,765.003342570245
4.46853600972719,4.46260946797963,4.80874561313838,5.08525306557942,0.340209603411187,0.622643597599782,789.109484172422,749.100148999408,801.244031310267,770.879526573787
4.3259709282207,4.31289745878503,4.64812977911843,4.79023744192699,0.322158850897738,0.47733998314196,772.476601076602,739.288096160391,794.664459309516,767.538840572684
4.48053862949338,4.28205532112664,4.77179310946673,4.84177986421877,0.291254479973351,0.559724543092136,798.325352216847,742.223213600128,808.350762804917,762.182838586311
4.19095691416991,4.2783123983846,4.51380788481098,4.79937630183698,0.322850970641075,0.521063903452386,755.024881946147,706.603857017905,777.280856653407,740.051916463742
4.10138945167888,4.15154871269346,4.41400967584289,4.66266512737991,0.312620224164013,0.511116414686443,756.604789319796,709.308379860408,780.378481916792,739.799951321506
4.62232040548823,4.61247794376724,4.92148613269134,5.12354541705451,0.299165727203108,0.511067473287271,793.471645915647,748.788437265288,809.245995350095,773.266639422446
4.23723504060815,4.33475694979681,4.53350565998824,4.89659198724113,0.296270619380093,0.561835037444327,759.166420765036,708.485488478689,778.779418519549,735.144178951265
4.95549467353122,4.67037317705846,5.25267867474858,5.20238433253732,0.297184001217363,0.532011155478866,855.754283109408,801.429043478117,872.724630282148,830.728541429458
4.273473572145,4.24998843712909,4.59074890342988,4.75803926828866,0.317275331284885,0.50805083115957,742.206283653139,700.296074208699,760.984818893228,723.833937038002
4.46984143956652,4.59196951146854,4.71297636766496,5.06818795354548,0.243134928098441,0.47621844207694,787.607957636469,748.350274618305,797.334381494514,759.567260671159
4.2005336724223,4.32468766965608,4.52651387366351,4.85715131129601,0.325980201241205,0.532463641639935,760.482297857526,723.584506648761,785.536044214348,759.97385016384
4.53196247010744,4.28513937474997,4.83877437011615,4.75996791346005,0.306811900008706,0.474828538710075,804.047045387354,753.477159944305,819.43446097145,774.982429938681
4.52612719765701,4.35070914798283,4.79604242600539,4.81530318263693,0.269915228348382,0.464594034654106,799.987045657313,742.940909276734,814.328169555097,768.424890012691
4.18537237141885,4.1306296795334,4.50774430566619,4.70405226118425,0.322371934247341,0.573422581650853,794.810605101131,729.714444229109,812.709613098968,756.140620047811
4.39109149262536,4.34459303535793,4.72149927803963,5.01499496697796,0.330407785414278,0.670401931620028,761.816801335935,728.326328883881,781.69794419323,756.703901354559
4.27470275930973,4.30845608781626,4.59851744203457,4.80850493823412,0.323814682724842,0.50004885041786,746.711216792649,709.268392464917,767.979253121772,738.059856640988
4.17481979676848,4.2203568464803,4.4878432147613,4.81522122446196,0.313023417992819,0.594864377981664,750.173141229023,709.279999493713,770.052209824693,737.287020408964
4.29863251742966,4.58451073186506,4.63865877500496,5.131885458643,0.340026257575302,0.547374726777933,755.615934153777,733.737232552832,775.027309065124,754.852924231516
4.44639997356393,4.13760397208769,4.70641673939464,4.65852805566083,0.260016765830711,0.520924083573147,812.301736963691,742.993476727557,820.941255278495,764.143345211314
4.36510705949942,4.23585702150034,4.63365869461617,4.68221678143033,0.268551635116742,0.44635975992999,797.460858493963,751.093377103597,815.428948528757,779.588893382143
4.63490053724567,4.55849029283377,4.96554128662226,5.10715094380604,0.330640749376584,0.548660650972271,795.618466532617,747.767226304592,810.321221649243,766.913186585947
4.62046041500594,4.2946017383784,4.96282210223175,4.87944505951286,0.342361687225811,0.584843321134453,812.666871272435,739.556875678152,828.219083557166,767.62257943254
4.23084558067919,4.22768187986612,4.55514307828851,4.82014250818491,0.32429749760932,0.592460628318794,775.714729302647,720.115057667386,794.31836836084,753.614891627232
4.17151804243448,4.34919233477506,4.46872518649765,4.83073760379142,0.297207144063162,0.481545269016356,757.962310892776,722.071695261779,777.06987697618,743.571261153964
4.72384448995743,4.42184228105416,5.01465911843876,4.89732301590087,0.290814628481334,0.475480734846705,815.557953765636,754.549782348384,829.413913964621,775.130790737371
4.47418825763235,4.32878598035623,4.81284610989707,4.9284717760577,0.338657852264713,0.599685795701467,762.721003668246,714.554223113039,782.451640882735,743.84098760915
4.38138183198055,4.36347677621704,4.63199781799864,4.730848798584,0.25061598601809,0.367372022366967,752.344828158609,710.190358211035,768.70639533266,736.417093909104
4.14073667617975,4.43652785996298,4.5129251854299,5.00208501018239,0.372188509250148,0.565557150219408,752.7701283665,709.858502489942,780.539898785067,743.129011209353
4.43676380799105,4.39708238477735,4.74963332528371,4.91500655987193,0.312869517292667,0.517924175094581,779.290417362816,714.519496104347,798.138031217163,745.201811805867
4.14187948900244,4.24946017231316,4.40308798652263,4.77247744306504,0.261208497520188,0.523017270751887,744.003478182038,696.855365473614,754.249486614779,713.877201669112
4.30014752011484,4.18804862473872,4.60371380021426,4.67100300236487,0.303566280099422,0.482954377626152,791.331056681131,731.701220037771,807.800132943058,764.393134582261
4.11007892199594,4.52234818204607,4.4310823758813,5.11087515697465,0.321003453885357,0.588526974928576,735.088170867788,713.451532115269,752.731910559818,734.544583606556
3.9278459144309,4.12291239006466,4.25328336570473,4.62972992110168,0.325437451273833,0.506817531037013,724.811466763038,679.972861552697,746.630279494975,706.777639561937
4.46972807116039,4.53164697932322,4.79493762405466,5.02249794298875,0.325209552894266,0.490850963665532,793.039557677814,758.419801946111,816.845066876326,789.208724966506
4.48050331278429,4.47264304367715,4.78436288973325,4.86656847604329,0.303859576948965,0.393925432366147,769.767075021615,721.877310067607,792.460259043167,752.062170071257
4.82672069631796,4.63189342888519,5.12191309110583,5.22610296871609,0.29519239478787,0.594209539830901,850.11445573449,793.245075153861,864.768460850127,822.601864062868
4.20400613241012,4.32177838937628,4.53600948430044,4.80648352773505,0.33200335189032,0.484705138358769,769.688246306022,725.501460602996,789.798892370658,744.918292326278
4.35865866661525,4.4660428862657,4.69915367910863,5.01571154221841,0.340495012493379,0.549668655952705,764.90667437535,716.787950369604,783.330271203539,739.571707143271
4.57632277173667,4.38487540441381,4.84580649152022,4.91728115908231,0.269483719783551,0.532405754668501,806.297966098247,750.037926414804,816.013002472408,771.515611550856
4.19314604144933,4.28910879658997,4.43505724630621,4.67828097544012,0.241911204856881,0.389172178850152,756.308653116591,713.337434713139,777.659233710634,739.397746146774
4.52947822583645,4.62251405949513,4.82241149520401,5.11600007752034,0.292933269367554,0.493486018025207,787.65187045708,751.652548678306,804.795310791735,776.724212401079
4.24410836242032,4.18499812303633,4.54397196692711,4.70871338295021,0.299863604506785,0.52371525991388,758.25194941984,708.728963254755,772.102608855308,732.314201306075
4.35889396449761,4.24081436633467,4.67821658371983,4.71470913395389,0.319322619222219,0.473894767619221,784.853530779856,734.315372378841,803.394595528875,763.420178831965
4.38551951346042,4.45604144714897,4.71610190496974,4.97493070793576,0.330582391509314,0.518889260786795,760.305046697681,717.45353984946,782.543849981535,740.401364797362
4.52826537254519,4.17747260272503,4.83361534238889,4.74381525309971,0.305349969843701,0.566342650374681,796.882492052782,724.320294028006,812.724367751415,757.46047456766
4.27010547606923,4.09458288637701,4.62101598059888,4.78045335721593,0.350910504529652,0.685870470838915,775.609830370808,720.296655935589,790.809395501246,750.986359554692
4.95770227922463,4.35894944263706,5.32878059829072,4.93484487129424,0.371078319066087,0.575895428657177,848.015537443883,777.064470646281,865.150317515798,803.794704916804
4.21376239031833,4.28328483588279,4.53176682378257,4.87111138939503,0.318004433464234,0.587826553512245,748.094984739491,719.750079564925,766.454624840601,745.411396546227
4.45563427791715,4.17300277495109,4.70381087333761,4.5698929390551,0.24817659542046,0.396890164104012,800.372547161018,724.179789594957,815.713449636801,753.133839772755
4.2311719546353,4.21014068925719,4.49947764092607,4.65484847547515,0.268305686290775,0.444707786217958,742.468977407121,690.872800207683,757.078079358678,711.482378380631
4.39383600974653,4.50375304636794,4.68193012781185,4.99726636827407,0.288094118065322,0.49351332190612,783.444326352003,746.69616682233,795.812961644666,761.441423831909
4.51408205765864,4.35584988424148,4.82193725678265,4.99585933895317,0.307855199124011,0.640009454711691,775.678470101843,715.738778953644,782.481837336662,731.920278515824
4.63763799333649,4.49830540394119,4.98425041003489,5.06423751804513,0.346612416698398,0.565932114103939,801.339861184691,749.393088310045,821.583434105994,781.164968143979
4.38610606527959,4.37450609013008,4.67314817700454,4.86961673828313,0.287042111724956,0.495110648153054,798.312216455275,751.296541893712,809.037438809145,770.711688175467
4.01575204710718,4.21741009722548,4.31813793641566,4.75313693084259,0.302385889308483,0.535726833617106,732.785286749407,685.291970165396,754.368868801236,718.582386647571
4.08640761709529,4.33919752520828,4.38110084058186,4.82935401433519,0.294693223486574,0.490156489126915,744.93123242931,707.605775103154,766.997478292649,741.217423511549
4.41919819149642,4.34666931927668,4.76896560080096,4.92035016245744,0.349767409304534,0.573680843180761,786.682362855138,710.526093889582,808.517018434768,742.235328304078
4.18207798319242,4.15332336122302,4.46894514191005,4.65701439741403,0.286867158717635,0.503691036191006,765.706286786493,724.050551067752,785.946199921944,750.062345152937
4.47821525056463,4.487168134457,4.69674280311657,5.07052838140203,0.218527552551946,0.583360246945033,794.551439718702,753.085965751972,802.983724626975,772.894413832875
4.33330642352117,4.44648163916702,4.63226938282746,4.92200480536964,0.298962959306291,0.475523166202621,771.537077998476,738.873079191597,794.684770376893,769.419357322808
4.34481558155035,4.53972620054564,4.63562209351725,5.04221232638205,0.290806511966895,0.502486125836414,780.980406922791,742.502470124824,799.087463922684,769.380640318559
4.41466401554108,4.38277500472286,4.68586742359547,4.751792691888,0.271203408054394,0.369017687165137,779.834030160298,710.610825622009,791.967060348972,731.033043843118
4.30517590684983,4.2318901036876,4.59744741373971,4.75496447543896,0.292271506889885,0.523074371751367,771.332963438004,731.887581140849,785.234150281664,752.526489774214
4.66151591422972,4.24328150829023,4.95824087988366,4.75981461301362,0.296724965653941,0.516533104723395,844.545897059617,787.148820928886,859.332991488196,813.731157162884
4.34004493723123,4.26122549353375,4.6555959227142,4.75165839098533,0.315550985482971,0.490432897451576,794.889575665152,723.934667133016,814.864953324729,755.109875726182
4.4476991352838,4.4326450073959,4.77948447602462,5.01467424529515,0.331785340740829,0.582029237899249,772.84153962463,726.455729811784,791.315214021602,751.362587637969
4.28643306539952,4.24838215197699,4.58872214064088,4.89267970252241,0.302289075241363,0.644297550545417,763.216376839098,730.022947633131,777.206365974226,751.916880329308
4.31596703283314,4.44862017199869,4.58394542384822,4.88085183586893,0.267978391015084,0.432231663870244,786.31052862706,754.564833316078,802.547007882059,777.303034364746
4.28177572583421,4.24892636373007,4.56799009543843,4.73118645692384,0.286214369604213,0.482260093193769,759.891367432575,701.731140678964,777.453278133875,727.972744769335
4.80426703755417,4.4436343909553,5.12956247126916,5.13257745628831,0.325295433714991,0.688943065333009,855.282270832166,791.159389575895,866.747961526613,819.211772447344
4.44767998912917,4.39510834000948,4.75292707118574,4.91693693006729,0.305247082056562,0.521828590057811,820.855335999566,776.609079029303,834.061285123262,796.346825716746
4.36658824269824,4.20211874091876,4.69044306008254,4.71571854297405,0.3238548173843,0.513599802055293,781.784860558252,727.268386316042,796.012901500787,750.597424799023
4.43075786947063,4.47923720552566,4.75519805214763,5.04312216749849,0.324440182677003,0.563884961972834,774.1108240469,731.259883405305,790.411396617978,750.36129044134
4.03565017217042,4.0568394079671,4.36739797401986,4.62815785138952,0.331747801849442,0.571318443422416,738.023063115708,685.269169980121,764.164236295305,713.373612804113
4.3592070612935,4.20716104873159,4.66632509294612,4.8569704958286,0.307118031652616,0.649809447097016,779.518028911868,729.36557315908,795.974348618316,758.224830020344
3.85168983291191,4.2313253010592,4.1720505057073,4.72314265708681,0.32036067279539,0.491817356027614,692.849802646514,660.022491995878,722.463781480457,695.748239468069
4.14526486902338,4.28071934944823,4.48132345757633,4.85420080519863,0.336058588552946,0.573481455750403,752.103987123007,708.382086421789,775.318157035982,737.368076980176
4.06782160411891,4.34088800179154,4.38485017881751,4.81657531618686,0.317028574698597,0.475687314395327,740.823905461074,701.301653187007,764.718396386466,725.281723027367
4.20587105841683,4.44397246879623,4.48847015955794,4.87251471846154,0.28259910114111,0.428542249665304,757.956397265404,708.517069286775,776.880337370089,728.359272269858
4.26730070313253,4.21971260850823,4.54274969427637,4.71292623711668,0.275448991143842,0.493213628608448,770.603718523622,698.874121169429,784.032906146571,729.239528525731
4.40132087028558,4.32734889685536,4.78724868903331,5.00027225832014,0.385927818747733,0.672923361464779,806.235376109143,756.066915886105,832.699486610502,791.226615429573
4.08300936528381,4.13990752425921,4.40040184945509,4.70640489754264,0.317392484171278,0.566497373283427,750.864552267396,697.084786726184,768.129122206353,723.595035196505
4.46195510610183,4.41427273779994,4.72907069288754,4.88870223733453,0.267115586785708,0.474429499534589,797.219800994704,748.533900088376,811.269046665723,778.449163703481
4.3694167904667,4.33422292598397,4.72494370948843,4.96195940008882,0.35552691902173,0.627736474104855,779.705276098705,725.03120093478,794.913191932167,746.598681397292
4.67527318683889,4.53345110527831,5.00781967697833,5.1038538810916,0.332546490139438,0.570402775813283,807.439678910173,756.898200309502,822.867116393368,777.262145749118
3.89481749267738,4.09278629011175,4.17894632540743,4.47611355705914,0.284128832730056,0.383327266947395,699.454773419,665.404382606272,719.348460234389,693.956177371959
4.62295740231668,4.26327064316384,4.915346973626,4.8148440183941,0.29238957130932,0.551573375230263,822.016788780041,765.912402601067,838.393875096447,796.88469376227
4.23166606469567,4.20302659694478,4.55334011724784,4.72803968918484,0.321674052552178,0.52501309224006,781.010416612083,740.976803920519,807.00644547122,779.326232431761
4.32183700146334,4.47699229983157,4.63302108108924,5.10189262252777,0.311184079625901,0.624900322696199,736.428185182755,693.06887569719,748.371210895972,713.282539570166
4.14520905565525,4.19510202606269,4.43184626793439,4.67480475851079,0.28663721227914,0.479702732448103,787.574701028031,729.254179088968,808.032766771309,758.469296696511
4.45772236603091,4.30964172854336,4.7505107977126,4.79598531260438,0.292788431681687,0.486343584061023,794.80129306355,745.88749139802,811.592386682583,773.199166711866
4.44107260905114,4.22817200108976,4.69816833420042,4.69628135228795,0.257095725149276,0.468109351198186,777.320085014297,727.712045695455,790.385722321995,751.851211135153
3.88295051883985,4.20774867519467,4.21422522392928,4.6533904827526,0.331274705089429,0.44564180755793,712.349615717262,678.321694268498,736.046084715086,692.74549685594
4.51352396653682,4.53899615319024,4.80289634614406,5.06587686835665,0.289372379607235,0.526880715166411,768.162152395028,721.144742790898,776.510080486344,733.532618962573
4.11794557094479,4.27762401246447,4.4456705065207,4.90420664619777,0.327724935575906,0.626582633733295,742.939099588313,694.28490360731,758.78019012135,720.700960302417
4.29093308237463,4.32554609869957,4.62088484606459,4.89000464688547,0.32995176368996,0.564458548185897,762.740756515816,719.91070261118,781.412049692,748.844872183806
4.45538533117103,4.37866262771891,4.73190293361186,4.9260462165337,0.276517602440825,0.547383588814792,800.488216281077,749.695528508769,808.653099866661,771.916425278296
