"","r_hn_true","r_hr_true","r_hn_err","r_hr_err","diff_hn","diff_hr","aic_hn_true","aic_hr_true","aic_hn_err","aic_hr_err"
"1",10.7493635853669,10.7395006066671,10.7903415552144,10.6248981566791,0.0409779698474768,-0.114602449988036,279.140892423784,279.87362869357,284.348975502623,286.474151570673
"2",12.0140255490916,10.5180546847637,12.4886863953292,9.96132891934636,0.474660846237656,-0.556725765417369,288.898608343623,285.390568453863,297.223223370596,293.789073921043
"3",12.1878647782657,10.1857923201053,12.6019786799086,11.3190373269561,0.414113901642915,1.13324500685084,309.004559815307,304.238169732178,306.100344197092,304.090397203103
"4",12.080146734017,9.90139739134194,12.1427437577569,9.48792734260702,0.0625970237399489,-0.413470048734913,268.878067483799,261.863269078314,269.518770182551,261.049506141099
"5",10.5673420011797,9.69308183319168,10.6910300111694,10.0306743600072,0.123688009989653,0.337592526815572,334.590861234587,331.587402441939,340.205923686657,336.598334073599
"6",10.686848498655,9.96794530928399,11.1761387777229,10.8260901979155,0.489290279067825,0.858144888631479,264.139515767091,262.823101631848,269.047507388245,267.947014937349
"7",10.943770437815,9.25445601953764,10.626736436922,9.43212147991423,-0.317034000892985,0.177665460376586,313.088064735263,298.99761313782,310.952292524186,298.305558742454
"8",9.76884940229106,9.20883550910237,9.99738884336127,9.82227778156059,0.228539441070209,0.613442272458226,250.169557356225,242.182958522802,255.532178587157,251.893780697997
"9",10.9669941489818,8.76015731462678,11.3214432849994,9.62218558486582,0.354449136017578,0.862028270239044,301.241126337201,288.726971405311,303.182479182603,294.047697326739
"10",11.2795077383396,8.97513342064787,11.6404024335565,9.68751728721936,0.360894695216894,0.712383866571495,310.576288839941,295.667129378419,314.296959046888,302.047363699928
"11",11.4735092927253,9.838700269375,11.6442852626084,9.42854972570206,0.170775969883067,-0.410150543672936,313.305520251278,302.666016550553,321.647979269261,310.753677068528
"12",10.0557781858987,9.79208193712662,10.4126503929487,9.89361582160148,0.356872207049983,0.101533884474852,295.171833133647,291.786869517636,300.897095130798,298.188221462916
"13",10.7978821106767,10.7646821972161,11.2631391866742,11.065540584613,0.465257075997551,0.300858387396874,333.207645977375,333.918136027831,342.88643963448,342.27719962604
"14",10.9073333211829,9.31038480929421,11.2432117703632,9.79698156163814,0.335878449180317,0.486596752343925,257.116787243311,252.477290151478,258.919587979209,256.227938223312
"15",11.0547762150206,9.57824208181576,11.177055963345,9.98538054945499,0.122279748324432,0.407138467639221,287.295947818703,275.412511365234,291.591025056751,280.68591117156
"16",9.56524103827437,8.65854288746588,9.89565398779805,8.72609944099203,0.330412949523671,0.0675565535261509,255.921209682578,243.278825112399,262.984612973071,251.958740262911
"17",11.327133580245,10.0034650562606,11.7218080505467,10.8510593437536,0.394674470301695,0.84759428749304,310.734501794151,300.36212941781,314.954523241157,307.883104583476
"18",11.7870821465419,9.29451507197615,11.6803011978939,10.3014674962802,-0.106780948648028,1.00695242430407,298.631228403481,290.49176621856,298.11795400108,292.966186139329
"19",10.828119143561,9.34559507874518,11.0254766758516,10.7696523987592,0.197357532290622,1.42405732001401,296.094548521201,291.227788695075,294.643907331907,291.361529633019
"20",10.6137163899906,8.65893426077966,10.7348108153204,7.15409980404315,0.121094425329835,-1.50483445673652,249.835059329602,248.127041860077,263.950748203789,259.037104186207
"21",12.0945728878895,12.2847289609701,11.9605866563108,11.1469698149056,-0.133986231578676,-1.13775914606456,276.117466652038,276.92920624569,278.326110360682,279.384966737843
"22",9.96567760599344,9.6601929339786,10.1899530935613,9.48443574839492,0.224275487567869,-0.175757185583679,305.24880860606,299.247559775406,309.116345041459,304.592974149194
"23",10.113048481814,9.6869787419861,10.4844980495865,10.7332861514301,0.371449567772462,1.04630740944404,282.522831266325,284.005955041551,287.684284944589,290.590504167598
"24",11.8275349757371,11.0471215214471,12.1166981735731,11.3061789805069,0.289163197835993,0.259057459059806,275.050150187418,270.529773070297,276.458369275536,272.74858765197
"25",11.6968803383783,10.4988864637816,11.6678075253211,10.8608239646912,-0.0290728130571978,0.361937500909686,314.528242983468,309.357249680216,319.93247073932,316.428027666456
"26",10.5235662835495,8.77013193217959,10.542151500249,9.65803763882353,0.0185852166995719,0.887905706643942,344.527384272357,328.65984718323,343.958995684973,331.914787750375
"27",10.5216925575898,9.26518561212352,10.6347066717705,9.22658603285737,0.113014114180684,-0.0385995792661546,359.906538416731,349.080321177806,372.09499760956,359.462734616116
"28",11.3107621480403,10.3224832039697,11.5796723171396,9.42599186816819,0.268910169099316,-0.89649133580148,269.59508973282,263.932614633546,277.445778123281,273.385895959159
"29",10.8922484273687,10.368463277271,10.9120734692247,10.280396968996,0.0198250418560235,-0.088066308275021,259.090588785778,254.880136005277,265.635912198597,261.549954911115
"30",8.91639596365542,9.63235418113031,9.37335122736052,10.6532211082253,0.456955263705098,1.02086692709497,255.081171571334,249.339891414094,259.968789985904,253.911720136759
"31",11.2856784304844,8.90322542895799,11.5883199181358,10.0918597032656,0.302641487651416,1.1886342743076,274.650958649484,262.618038532589,271.843564348038,263.66573376358
"32",11.8452741844694,9.95250909273344,12.1409895891807,10.5918131556672,0.295715404711363,0.639304062933812,309.260786673393,301.61353302946,311.191280699877,305.382263968455
"33",10.4850072158414,11.2982823394823,10.5997139976013,11.0510779368484,0.114706781759891,-0.247204402633901,244.902944281029,244.854113632778,248.172647809463,250.089327915482
"34",10.4178043386358,10.6478659945481,10.4740961601676,11.0026230875613,0.0562918215317296,0.354757093013244,299.30316108341,290.93509143583,296.49899958804,287.819907724356
"35",10.4344105885994,9.54117912261393,10.9086297890334,10.3691303560196,0.474219200434021,0.827951233405656,261.732172979792,259.429415237158,262.650472495568,262.464631110479
"36",11.5549283574392,9.5247513146681,11.6623489357747,9.45150567458207,0.107420578335509,-0.0732456400860357,288.273190690852,282.906214098334,293.136806930374,290.22193935153
"37",11.0852671501259,9.41337490639651,10.968454058236,9.10208436215576,-0.116813091889915,-0.311290544240759,289.347965122999,282.421000728204,293.899099906633,286.816930562847
"38",11.966149386147,10.5562703783393,12.3997112268082,11.4688701469452,0.433561840661126,0.912599768605871,280.68481877387,280.07154402686,282.454684328752,283.583007328948
"39",11.4251185093579,11.5052753046543,11.413271551448,13.7186952569888,-0.0118469579099152,2.21341995233451,253.500354580926,254.80032671414,255.670004284013,257.028954326948
"40",10.5530416996074,8.99602017357299,10.7273536879471,9.16464238270404,0.174311988339682,0.168622209131049,383.03281990674,375.773510475673,389.512406770265,382.445496051152
"41",10.7893071243544,8.96854622929926,10.9943895354147,8.97894441788644,0.20508241106026,0.0103981885871782,255.612645361967,247.064639084802,261.294855406164,250.625636518364
"42",11.529603669119,10.128416848099,11.5942317557838,10.4299581250349,0.064628086664829,0.30154127693589,316.646755890834,310.425577315376,317.706220731782,313.530201928828
"43",12.410475109336,11.5424591297853,12.7737595073605,11.4256496510373,0.363284398024513,-0.116809478747992,300.594440181314,297.135732127242,302.738450479804,297.701496899176
"44",10.985349301909,9.60093672458032,11.3088012921997,9.51729422215667,0.323451990290764,-0.0836425024236487,291.084439306174,286.08564515262,301.052716218814,297.044549926399
"45",10.9345628730382,10.1002841418688,11.0308210839606,9.87958893688671,0.0962582109224037,-0.220695204982119,270.925214204853,263.53624524597,273.468200627491,264.690863786621
"46",10.9442683219039,10.4385762257837,11.3979373693796,9.61297867897717,0.453669047475701,-0.825597546806485,241.42474530192,243.094597775105,249.765081574446,249.981679899673
"47",11.1263734706198,10.6507633894871,11.4537680273227,10.7046163477697,0.327394556702837,0.0538529582825475,309.371948940427,307.022400046071,316.471556497985,314.596678689557
"48",10.4107086337405,10.2434811548881,10.5481994835081,10.419053806232,0.137490849767623,0.175572651343856,267.854096615769,263.936934826692,271.222451539713,268.550747519091
"49",11.6308867831869,9.64052836759937,11.8424320095098,9.44204858428434,0.211545226322894,-0.19847978331503,279.214406283538,271.445013654393,337.856528771712,330.459492866076
"50",10.8093635056455,9.73013625213476,11.0442352348589,9.8753978889038,0.234871729213435,0.145261636769037,328.618926098853,323.664745277604,331.229643265542,326.903345070183
"51",12.916936084233,9.82406711437482,13.1829757712499,9.72043860308665,0.266039687016955,-0.103628511288168,337.500794842775,328.976246380407,345.106396871257,338.250853480571
"52",10.4635235448117,9.88742218781722,10.8689426296119,10.8668661481946,0.405419084800144,0.979443960377418,282.192398494627,279.959338139094,286.169515596795,283.179341532756
"53",9.33731062759195,8.50969250186804,9.30642286139418,8.6340410884662,-0.0308877661977665,0.124348586598162,258.440598482418,248.599802381025,263.387022497834,261.460612094005
"54",10.6539655878031,9.57274858164196,10.7305334785487,9.55790826242497,0.0765678907456522,-0.0148403192169901,289.209901621402,279.160688185161,293.16781351173,284.769073745467
"55",11.3161037569591,8.9277598812329,11.1807634983676,9.46744724162041,-0.135340258591519,0.539687360387514,303.074357249957,291.66364948827,307.933029968535,300.164647824193
"56",11.4835984524128,10.9939588546995,11.8042197414707,11.9756112752105,0.320621289057838,0.981652420511052,350.240961226267,344.639394934602,350.044065102233,345.296849605288
"57",12.4421937926174,11.3886295678701,12.7881172075418,11.9308731909692,0.345923414924432,0.542243623099077,318.814604705479,314.508131793688,317.679377811237,314.536401951617
"58",9.91557196929208,9.55204688600059,10.2056963051838,9.70744400319416,0.290124335891731,0.155397117193575,324.896175574587,315.964539956407,330.673705060113,322.126446271289
"59",10.8166806561974,9.36312347587972,11.1567748509776,10.1918594321396,0.34009419478018,0.828735956259885,296.919891249026,284.85608960699,295.579995237235,285.883941821986
"60",11.4321717643555,8.74101616772437,11.422063198032,8.96689264151573,-0.0101085663234457,0.225876473791363,312.301176210512,297.698291015488,313.958805780402,301.275155373888
"61",10.9733062756341,8.94912771816344,11.4669058553016,9.78883467255578,0.493599579667547,0.839706954392343,264.214631913142,249.500943691649,266.176981578266,258.336927217944
"62",10.1506045904264,8.89341171081017,10.3451443732366,9.31295249756645,0.194539782810248,0.419540786756286,266.459769848973,255.270164590545,268.906087025521,259.506574959606
"63",10.9978660260112,10.2693065215561,11.4841592238419,9.7100708458954,0.486293197830676,-0.559235675660705,362.047324999936,357.184922630147,373.594399093112,367.851882197417
"64",12.3379658859897,10.8996280944603,13.1291350459922,11.4713338820506,0.791169160002546,0.571705787590352,283.090727718347,279.729385225945,284.843147846386,279.593620748197
"65",8.8938697549618,10.0153895378738,9.11718547129354,9.67080944577052,0.223315716331735,-0.344580092103286,255.510430490577,255.206504865963,320.239035743809,320.069161520227
"66",11.3802548971395,8.74828259492545,11.6103671379642,8.36569874463311,0.23011224082472,-0.38258385029234,297.944921018769,285.509473880991,305.531346686127,292.950086608382
"67",11.4313555503136,9.46939901655687,11.3429445684754,9.10894983348397,-0.0884109818381873,-0.360449183072896,295.014566039862,286.829727466514,303.775389585315,297.58017419262
"68",10.7695068241618,9.82312216586719,10.7758475056542,9.50668794338164,0.00634068149239653,-0.316434222485546,273.539691884001,271.768345708413,280.596190907176,280.954015583727
"69",11.3952615576328,10.4365419811957,11.4685709745065,9.5754948771289,0.0733094168736326,-0.861047104066794,333.809142796027,328.468538785777,403.727692847437,399.996056785272
"70",10.4917610767208,10.4096562878815,10.6082562184653,11.8187431886988,0.116495141744512,1.40908690081727,290.061429166239,291.46910784424,296.720192822992,298.664743322217
"71",9.59328537697856,9.73447633450534,9.62385631289473,10.1785875758829,0.0305709359161686,0.44411124137757,219.202811683762,219.844499314002,219.603161060588,220.544656576564
"72",11.1198570178685,9.52598106576153,11.1011070443709,9.56814082067602,-0.0187499734976129,0.0421597549144916,243.848290043058,231.405178087702,248.489479226552,240.20656032254
"73",11.1257725590847,10.6294842773561,11.2733393363583,11.429819928554,0.147566777273642,0.800335651197974,312.115032193888,307.698634339946,312.025242666368,310.266517874135
"74",10.6418461875241,9.13291929054025,10.837366355067,9.89563078715564,0.195520167542927,0.762711496615385,317.918624096957,312.148613262349,317.859298199259,313.955244231233
"75",10.404882012613,11.5394667055075,10.5470832942916,11.7403439877692,0.142201281678615,0.200877282261684,283.639621870664,281.278074409786,289.50360024015,289.319232945053
"76",10.6250186553535,9.47871486517538,10.8861516171238,9.78476962534586,0.26113296177037,0.306054760170484,253.946071708869,243.711749527044,257.298052230513,245.931239574507
"77",11.5993890728016,10.4699116403612,11.5712030638846,9.67858990400312,-0.0281860089169559,-0.79132173635811,281.331322969007,275.78120235267,283.793270493471,278.518560988284
"78",11.0654903290894,11.6589082328386,11.4975116159302,11.7762096394372,0.432021286840811,0.117301406598648,358.546001682473,353.8055035531,366.846700056683,364.419625359769
"79",9.25733049587227,10.1123010342153,9.3147543302415,9.6936414730637,0.0574238343692244,-0.418659561151571,309.987134068885,305.720258000954,316.255052694501,310.222256084556
"80",9.45466916274949,8.80076233645386,9.51405580267159,8.92789006925569,0.0593866399221046,0.127127732801831,226.057970067714,217.912843042045,227.559286702977,221.79916851986
"81",13.5938890009437,10.3519971593636,13.9925579723627,10.3690933217465,0.398668971418957,0.0170961623829484,316.819950162964,309.474363325033,320.70936537802,312.803050766997
"82",11.5578115442099,10.0612043987406,11.9495091426523,10.7088263097039,0.391697598442391,0.647621910963251,317.114873091585,311.372781794974,318.640372046789,313.595933683324
"83",10.4904500846093,8.67043439399326,10.7023771821399,8.50706595275986,0.211927097530623,-0.163368441233402,341.51047435757,322.839571821845,346.829271518471,330.503224772999
"84",9.77592619510524,8.91340927187862,10.1214651351161,9.07583011845857,0.345538940010846,0.162420846579952,337.354214488049,324.67092944918,346.25742902997,340.326210738563
"85",11.4267884811935,11.4316197579274,11.612749911371,10.2440838639182,0.185961430177553,-1.1875358940092,265.091595384434,265.794220036189,267.745216376543,270.686771227265
"86",9.52760416408405,9.98797760190686,9.76734429770453,10.251398163721,0.239740133620479,0.263420561814158,305.27513012622,302.455172563106,314.619977636018,312.030404459423
"87",10.4888262910256,8.66394970504612,10.8343489424534,9.29321245189313,0.345522651427791,0.62926274684701,326.100015657228,311.576449570072,332.718477092995,321.529701547067
"88",10.8961665221969,9.41976692055588,11.184383763761,9.57541275737877,0.288217241564107,0.155645836822885,315.556780573034,304.188828068805,321.13034199338,309.813735265083
"89",12.502615673793,11.4438783097444,12.3835469323331,11.2882581788303,-0.119068741459953,-0.155620130914155,261.483897195352,258.457370498613,262.574528139756,260.916101602305
"90",11.6671100545869,10.1560577479805,12.0408213892234,11.937515183242,0.373711334636511,1.78145743526147,287.740562481055,282.928523617443,286.688249488265,284.464689806307
"91",10.8701469302335,9.00019541989316,10.9729126939748,10.0574527142278,0.10276576374129,1.0572572943346,267.721066565587,261.670664962241,324.696746517841,322.27056297102
"92",11.2771733798993,10.9968654984549,11.2449972835678,11.1797363916858,-0.0321760963315114,0.18287089323087,298.457396896469,294.070644172253,305.467118744374,301.535256668709
"93",10.9052287125682,9.99874880710749,10.9950662057551,10.0231018685162,0.0898374931868968,0.024353061408684,314.108903426024,312.621627360884,317.178407482734,316.23109419697
"94",11.2702610348459,10.938872859613,11.3589211937889,11.5625744119375,0.0886601589429681,0.623701552324432,308.359179052,303.910072074826,308.115470822971,305.123948697153
"95",9.19341981604866,8.67542577153985,9.63563299832518,9.07354264294112,0.442213182276516,0.398116871401269,251.367653311476,249.254660031625,256.985700164363,254.56475954936
"96",9.9385791021524,9.60835727542301,10.3348954632173,9.62355202401923,0.396316361064892,0.0151947485962225,277.486249496995,271.981634673092,287.069267789562,281.798770599538
"97",11.6647499186658,9.0217473361656,11.9399577976172,9.5893488273939,0.27520787895142,0.567601491228304,280.423571048495,268.062576471233,286.327388174136,278.602067437327
"98",10.7722659666155,10.2929845378471,11.6208870476014,11.3281893710191,0.848621080985923,1.03520483317202,291.58970586417,292.191791087195,290.733189693966,290.938482017506
"99",10.393377561012,11.2348123920332,10.3771660946534,11.7630481649887,-0.0162114663586799,0.528235772955501,263.775332283588,262.183133712418,261.845993099003,260.514305621839
"100",11.3153353528568,12.1227615662529,11.5482265151971,11.7029021611946,0.23289116234028,-0.419859405058288,313.259815727982,311.224808743036,322.49170420846,321.35505214877
"101",10.8673396041988,9.0635692313201,10.6172622128082,9.04545947465094,-0.250077391390661,-0.0181097566691584,322.587225999697,307.455082393306,320.621217513853,306.311443024692
"102",12.3345217597899,9.5715091028531,12.4463304352252,9.40240339194204,0.111808675435375,-0.16910571091106,254.736940583209,243.1385342826,260.453289524851,250.182495042567
"103",11.7060250871344,9.77684747367407,11.7954628600702,10.077482064994,0.0894377729358045,0.300634591319911,349.728181986082,343.758569833167,357.811241598241,352.414095528781
"104",10.59114294761,9.33486031018035,10.888922891202,9.97960546234455,0.297779943591989,0.644745152164207,255.515446939722,247.928305170633,261.050154855,254.599219636768
"105",9.52961302214859,9.11074646146204,9.6804601153243,9.10155607811511,0.150847093175717,-0.00919038334692956,310.215015646549,303.989038669923,313.078134926992,306.119951708396
"106",11.3178933400218,9.05907951810209,11.6338429602538,9.80216596515166,0.315949620231997,0.743086447049572,314.545232719204,307.429944109429,314.496400618276,308.256423148809
"107",9.39021401623007,9.21352051548706,9.78563685149745,9.21015236626308,0.395422835267381,-0.00336814922397544,268.294598350104,257.250145955981,334.829093444596,329.01208504652
"108",10.1137304316876,9.40514264098316,10.6542773192929,10.0913769519114,0.540546887605315,0.686234310928258,310.108761772245,301.754013015135,319.183276602099,310.786579669285
"109",12.2124676022893,9.79537197926571,12.4237756799181,10.3195940991033,0.211308077628829,0.52422211983756,320.84803501388,310.999739961993,324.34661157909,315.461958913636
"110",10.8299179244537,11.1512575677637,11.6429182322542,11.5264808769895,0.813000307800454,0.375223309225836,250.946636698088,250.827669932815,257.031513600898,255.792011496811
"111",12.5067003903123,15.8278049277828,13.0337643657634,13.9472025101646,0.527063975451105,-1.8806024176182,263.13621112169,266.793653020489,260.901232427408,262.824660107671
"112",10.5654850255517,10.5871903873663,10.5630953174303,10.8165530616125,-0.00238970812139527,0.229362674246197,271.564011293761,268.640249803967,269.729733191509,268.871192486827
"113",13.0928117956088,10.55298406969,13.4496766263691,10.8460725047494,0.356864830760339,0.293088435059442,278.45660406682,271.247538887185,281.79112540391,274.117743049515
"114",10.9353967173418,10.2287346698088,11.0502544022121,9.77001319686135,0.114857684870289,-0.458721472947474,302.300693855885,294.450778300822,308.958350855269,302.827808243751
"115",10.6468597589605,10.68477703252,10.3779937670077,11.3093888416661,-0.268865991952824,0.624611809146064,297.100822039585,296.943716304146,299.834947710898,301.159419801821
"116",9.76643123264405,9.80014264452965,10.0200616733962,9.54995327271212,0.253630440752113,-0.25018937181753,324.388179371749,322.278583381609,333.186836081108,329.256742026408
"117",10.8156014941919,9.97297115163001,11.2025138909757,10.4097703124659,0.386912396783782,0.436799160835919,282.137491136725,275.607600864062,283.961930364535,278.887181529415
"118",12.2297672830561,11.3544673738057,12.325583041384,12.2381981536574,0.0958157583279018,0.883730779851701,306.632385324329,304.357590332352,308.019469832297,306.336011279664
"119",11.2109727125982,12.6878252656035,11.2104093616424,12.1362475893911,-0.000563350955848918,-0.5515776762124,272.374805328474,273.247732588616,279.705219114216,281.098366414324
"120",12.2328451271851,9.89468753910386,12.468009726183,9.80395352670253,0.235164598997875,-0.0907340124013309,275.360737491427,268.133719237879,282.211024848027,273.931557316309
"121",12.2889171950337,14.2785895513694,12.1034752451617,14.4922217717231,-0.185441949871944,0.213632220353682,301.486744716041,302.729669652549,300.293293285638,301.609191641227
"122",10.850299081408,11.7835408504133,11.360681724819,12.3059720347818,0.510382643410901,0.522431184368472,302.51945937788,297.256569870274,307.576130537863,303.969298121856
"123",11.3509877061775,11.3099499954548,11.3757401654842,11.3316048789654,0.0247524593067343,0.0216548835105854,304.773141180611,296.356548163467,308.873406508802,301.308438214897
"124",10.7207123237895,9.81443690963081,10.9173360710521,10.0335666690219,0.19662374726262,0.21912975939107,306.825758541722,303.971943825493,306.254512242461,304.427498556712
"125",10.3385622878627,11.0675135560155,10.5657862800977,11.52644502695,0.22722399223508,0.458931470934427,335.077474185964,335.179581428346,335.295754451829,336.272662805561
"126",11.1712729348538,10.2788561086967,11.4892779692974,10.2784225352715,0.318005034443596,-0.00043357342521233,287.3080013372,284.901454484188,288.575593958508,286.338962327998
"127",11.5748696826341,10.604574862054,11.7330959543692,10.4217630597501,0.158226271735083,-0.182811802303911,396.592977811529,393.717715394695,400.538395036954,397.597636480159
"128",12.5161903222619,9.65619059518691,12.8721933489226,8.50283667759673,0.356003026660726,-1.15335391759017,319.255924565574,305.124271556135,330.606063410005,314.256656997792
"129",10.2881369101576,8.16577994274928,10.1059010316635,8.14744912873182,-0.182235878494112,-0.0183308140174656,314.359143983181,303.963671959654,313.203367174703,304.021115373977
"130",10.1537323500551,10.2908067048871,10.4429952555674,10.3848665048192,0.28926290551224,0.0940597999321806,299.816151177193,296.438035576677,305.473590455225,303.025543910191
"131",12.0499264683875,9.18435132959272,12.7337894014945,8.72479106818356,0.683862933107031,-0.459560261409163,262.88955935851,252.606978463457,272.195295714263,260.523348557878
"132",10.4994723774099,9.68063752679266,10.8539485184596,10.2982177721752,0.354476141049682,0.61758024538257,331.813069427924,326.035907970454,333.675033256812,328.55578564195
"133",11.5569228305181,11.1429255236205,11.6230655897662,11.8102569257149,0.0661427592480734,0.667331402094478,284.325006943821,281.108833509507,287.971908125807,284.625571601662
"134",11.6472605988906,12.0034988726507,11.9149492753104,12.2802135126432,0.26768867641978,0.276714639992504,308.722715780763,307.679628900168,314.941164514753,315.104863075866
"135",11.5264493829895,10.0923639567396,11.8516825137749,10.2193400127018,0.325233130785433,0.126976055962178,311.407569503894,304.256431730736,313.849660634614,305.333835731935
"136",10.5504534649319,10.6291690252873,10.8123657681032,10.7995438560266,0.261912303171357,0.170374830739302,292.446912575841,290.9345051849,293.853134117263,291.500265167921
"137",10.6105367850522,9.48452249612721,10.624813909743,10.0064370682902,0.0142771246908158,0.521914572162959,312.294208948495,302.367230090418,313.332580057666,303.431773138173
"138",12.2994828653936,10.8061885497044,12.272489705222,11.4091312587879,-0.0269931601716742,0.6029427090835,262.395913589689,258.943817039841,265.942226325071,262.118590281423
"139",10.5741300777176,9.51947217284211,10.8683176962663,9.72237582843264,0.294187618548673,0.202903655590529,243.95138044444,233.381273832637,249.480249445797,239.34959179602
"140",11.6263813919736,10.9889014663202,11.6249146741764,11.087980990586,-0.00146671779721963,0.0990795242657825,296.004409317034,293.327371017287,297.415879768076,295.975361890038
"141",11.3953515490558,10.0584728867186,11.5767882024832,10.5584837242149,0.181436653427379,0.500010837496255,296.760556833246,294.41425979234,299.477756154893,296.578239552806
"142",11.6830127783043,10.7941966776829,11.9139106633033,10.7534749287144,0.230897884999029,-0.0407217489684637,241.925090393016,236.85632033187,247.02532556737,241.104775019787
"143",11.7490763836809,11.0004533320538,11.9490446641191,11.6168110471279,0.199968280438238,0.616357715074088,310.622898005222,307.751247426265,315.393080437164,312.390164447487
"144",11.6094320036626,10.3719631339084,12.1238186333209,11.6865900104346,0.514386629658251,1.31462687652615,280.686414653649,274.931660050579,282.060308845598,276.546173075521
"145",10.1581875064745,10.7409389792696,10.6603382019174,12.1021010000468,0.502150695442946,1.36116202077724,296.651984636494,296.656666075793,303.146810528944,303.012692464523
"146",13.2077558708772,11.627662805455,13.5192196251293,12.8649626779919,0.311463754252165,1.23729987253697,231.774743158095,227.767517444854,230.868157078347,228.949694580712
"147",11.5883141600708,9.2885759046407,11.7205302205798,8.96240420204352,0.132216060508963,-0.326171702597177,302.733551218635,292.407517804024,307.798013564224,295.316273975451
"148",10.786364157206,10.3968975594275,11.2569095720344,10.9870526027966,0.470545414828344,0.590155043369052,249.357905335391,243.614010183632,253.147910123447,249.34074202264
"149",12.1653361811014,10.2833279267947,12.5508765103989,10.5767128450208,0.385540329297431,0.293384918226161,252.518864055593,248.942522875459,256.019242425391,252.091336365605
"150",11.7561907931432,9.31326282792357,11.9095131535658,9.51783485130676,0.153322360422592,0.204572023383189,303.7941704292,296.653168982847,308.42661294353,301.964430294535
"151",9.79737453020318,10.0598503969358,10.1012639180189,10.2187492089531,0.303889387815721,0.158898812017307,259.583737322095,255.224286274603,264.679449286694,262.440134879754
"152",11.7162220986759,11.2745688463368,11.914790960457,11.9093353379614,0.198568861781064,0.634766491624557,322.944640735944,322.259707760059,395.013103430166,395.714052058552
"153",11.2294263675839,11.1669622932959,11.3243009796599,11.9636547902989,0.0948746120760049,0.796692497003013,311.585590344152,308.215299879352,314.179556233922,308.916526986289
"154",10.3732718658284,9.17008045963758,10.5625979529925,8.8532506827372,0.189326087164085,-0.316829776900375,287.39890898688,281.411791681634,294.008325137236,289.635488224555
"155",10.9463526452757,9.40563021271271,11.3415143545225,9.88384058154232,0.395161709246763,0.478210368829613,309.369513470975,303.177718084917,315.867966634069,311.447582058234
"156",10.4366507242004,9.62691343206304,10.4820681509995,8.65913396382326,0.0454174267991387,-0.96777946823978,245.919764082961,244.183421557772,255.983608718647,255.04300009181
"157",11.4334933338478,11.9710653504509,11.7132981929392,12.8142621819304,0.279804859091326,0.843196831479506,316.908766540453,314.103547486313,320.654229829986,320.055952288597
"158",10.4708224391371,9.5858013234975,10.6564956668099,10.4215737187288,0.18567322767286,0.835772395231318,322.815797218832,312.136780732632,329.616661778168,320.701371114888
"159",9.54655424758671,9.42984177931702,10.1837386091105,10.0175127256185,0.637184361523753,0.587670946301456,248.950573044012,245.081340775181,253.527763084638,251.289884588627
"160",10.1801915341622,9.47022147282335,10.3030829999525,9.92586737770301,0.122891465790291,0.45564590487966,296.714584670068,293.344491049837,298.586920601711,295.695656070164
"161",10.3868335782946,9.89550833087315,10.545614210854,10.3246773743076,0.158780632559452,0.429169043434495,292.358083821675,285.372493334869,295.236449420094,288.741424669066
"162",12.2375663203412,10.3841696469255,12.1779463217565,10.7916317984448,-0.0596199985846493,0.40746215151928,252.408544431926,245.91104339314,259.875737014019,255.819793544146
"163",12.012623783046,10.2162899606193,12.1507271053239,10.2540739170023,0.138103322277887,0.0377839563829756,334.289738186054,322.554732151177,340.266978891446,329.967270346422
"164",10.5843945023698,10.7974818265445,10.9657373191291,10.79763931217,0.381342816759316,0.000157485625470244,319.819078963525,319.205386514792,325.246410627721,325.945946818554
"165",12.7267354326468,10.6752719760915,12.7574507312963,10.5680776534275,0.030715298649552,-0.107194322663972,273.22620346997,269.679424282635,278.108538561348,275.91383787772
"166",10.7101198757068,9.98774499638806,10.8610900222571,9.92126759320149,0.150970146550302,-0.0664774031865782,333.039366456764,326.217485128882,338.611852761602,333.147051872045
"167",9.93248372743282,8.64172090795522,10.0277705282821,9.1328899723954,0.0952868008492587,0.491169064440179,239.076722623993,235.887146325171,237.484173425179,233.992624446594
"168",11.1745410957125,9.75862918082334,11.7551539910056,10.3579034009389,0.5806128952931,0.599274220115573,207.569406723486,205.404489379253,213.16859280557,210.595352284605
"169",11.280305077265,9.71627750075057,11.3882455252331,9.44050544499034,0.107940447968121,-0.27577205576023,286.692715181308,281.776907387774,291.354289352095,288.708147063604
"170",10.3202574317875,9.74257025913245,10.3317559540049,9.61409330687843,0.0114985222173889,-0.128476952254015,288.106467738493,284.000997795297,290.75859105742,284.758470483429
"171",10.1276613691457,9.86720692698677,10.5089823604314,10.2200640111016,0.381320991285756,0.352857084114834,293.098958473664,287.292146101909,357.340174270971,352.539538597067
"172",11.9236457203628,10.710942182761,12.0371839943383,10.2821340103563,0.113538273975545,-0.428808172404734,249.205802694728,242.467790997003,255.910652489322,248.956409777852
"173",10.573454152356,9.91987378937508,10.9033764853074,10.0157472721654,0.329922332951329,0.0958734827903669,245.483560718132,239.930703204484,253.732953643131,249.799867417532
"174",9.9191907887399,9.28827061184685,10.0203494536413,9.0784491411749,0.101158664901387,-0.209821470671947,291.137766881793,283.152477555626,292.732820492939,285.091663679087
"175",11.2712235300435,8.51532271996888,11.367384650297,8.26927289898275,0.096161120253516,-0.246049820986123,260.415719582821,251.480270817265,266.365513784912,256.619513865762
"176",10.3719807718581,10.315616448347,10.2572300528917,10.0571307467613,-0.114750718966391,-0.25848570158564,339.658491188205,336.846186530453,345.438084995567,343.578321473814
"177",11.3392520740484,10.4512540663006,11.8246708297136,11.311530048933,0.485418755665226,0.860275982632389,315.214393644175,304.405930872595,311.867792384649,304.296412021691
"178",10.7911742751723,9.64841480013731,11.2057316077044,9.73116064488285,0.414557332532098,0.0827458447455403,296.543819997814,291.734220524713,297.308449326241,292.379429748363
"179",10.8021258406873,10.3890110308121,10.9980170247153,10.1389544147683,0.195891184028028,-0.250056616043807,326.996555240898,323.756518158806,333.11812863666,328.873355314353
"180",11.5853911098788,9.92949412729215,11.5168223520946,10.45411359967,-0.0685687577841776,0.524619472377855,332.112120124045,324.918133940761,333.009429487212,329.314119111744
"181",9.85975239875373,11.2335962876643,10.0273039242923,11.1375318815216,0.167551525538602,-0.096064406142693,236.063554519421,237.468721687768,240.842860705657,242.849104892139
"182",11.3326747628853,9.85490009239506,11.086725586954,10.2923720757497,-0.24594917593129,0.437471983354657,318.881699796325,311.581521805431,315.005553818003,308.291917319657
"183",10.8464851085284,11.1145745458825,11.097675160403,12.0543533830726,0.251190051874628,0.939778837190058,331.359440629124,325.743246305999,337.160617235837,333.437325215765
"184",9.27113845415952,9.30405385568668,9.68725754845755,9.74943796332519,0.416119094298031,0.445384107638517,263.764655036123,260.044030383909,272.513904012789,270.783813488403
"185",10.72215512667,9.71770126756034,11.1432894414761,9.99059829307793,0.421134314806119,0.27289702551759,308.322275384628,303.578522533578,314.597458782185,310.993706137301
"186",11.7451922355415,10.6454175222785,12.4292312573792,10.7856048917813,0.684039021837734,0.140187369502732,252.194358523372,250.736099932869,254.834408594253,253.218641733997
"187",11.3162728316579,10.5964310806036,11.5573713355932,11.2659358356281,0.241098503935307,0.669504755024473,273.090495027559,273.430243453508,275.437242292951,276.681946247036
"188",10.646863007251,10.5825731953752,10.8179995568556,10.3184176312061,0.171136549604602,-0.264155564169124,265.158212773514,262.279014093828,268.183438968809,264.561761892795
"189",10.926904249367,10.1437925860854,11.1498068756664,10.749368108048,0.222902626299405,0.605575521962521,305.03684738272,303.486716636822,306.908535930901,305.472340637676
"190",12.7107650444296,12.7527191411129,12.7963956497994,13.3749001250682,0.0856306053698095,0.622180983955255,295.614191588549,290.404900785645,354.543289796661,351.511700967034
"191",10.4502408412539,12.6916991791564,10.7463655172612,12.8396602261857,0.296124676007288,0.147961047029289,295.529138732786,296.960693583452,304.014403486715,307.457132959651
"192",11.4227622601173,11.2513107340087,11.6204598967537,11.8479941834612,0.197697636636372,0.596683449452492,306.342415399766,304.253648602328,308.737524196767,309.225687814691
"193",10.3048505585843,8.39580046627077,10.3331827772555,8.50159729133037,0.0283322186711992,0.105796825059599,289.98908502239,272.278122218333,294.094099826549,281.558070229285
"194",14.2104473992553,11.0811287891835,14.8808807653332,10.3902230366494,0.670433366077965,-0.690905752534112,258.384313834996,253.162966638039,262.461564111005,255.851826640403
"195",8.88480608465844,9.25207000129252,9.22017381759189,9.27478211595725,0.335367732933443,0.0227121146647224,301.148098503258,297.010895627931,307.852743864993,303.450315905043
"196",9.77172157665312,8.87056632059487,9.80930748336671,9.35988289372328,0.0375859067135824,0.489316573128411,302.827451300815,293.419123515653,301.168367622043,294.353595431618
"197",10.2123768473081,10.7136856810806,10.4426838150986,11.2605883934485,0.230306967790543,0.546902712367928,291.121871141588,286.210055137602,294.47316414912,291.193159286849
"198",9.55100211103671,9.39159804651318,9.95427678517648,10.2237479533376,0.403274674139775,0.832149906824451,287.712848004729,285.961031519981,295.023667734506,294.029387700064
"199",8.50604678932803,9.06531468343617,9.36859082178072,9.92663689440407,0.862544032452689,0.8613222109679,245.420315957896,241.465497398669,250.909854598658,247.844518375247
"200",11.3929050582956,10.4414485110825,11.5473774027962,10.8717771179733,0.154472344500567,0.430328606890805,262.596158239244,256.456676047987,263.241789512507,260.194341242044
"201",12.2658611796802,12.7004573783795,12.1137611576874,13.030959755778,-0.152100021992737,0.330502377398481,302.251100297447,298.672599678045,304.319688117398,302.426337454101
"202",12.0773326500908,9.92798552303432,12.3638640313198,9.41640943836569,0.286531381228922,-0.511576084668635,298.949554567017,291.7123836181,307.958010102814,298.118047979331
"203",10.4716053089021,10.1402260878895,10.6997364096218,10.4854387972106,0.228131100719756,0.345212709321089,294.012530983682,292.642852357762,296.229435900123,294.409733387879
"204",10.438346479001,8.83972284662104,10.9905572963054,8.85632703288442,0.552210817304431,0.0166041862633826,281.419891533653,277.299161587193,289.010050584676,286.958757977102
"205",11.6828783807663,10.9848815841533,11.6636457278322,11.853174269667,-0.0192326529340487,0.868292685513685,286.009602515336,283.564837708229,281.317530243098,279.814914007207
"206",11.0140818257463,10.4217613479549,11.2852161738187,10.9181673744558,0.271134348072454,0.496406026500889,309.805611824593,302.235590448555,310.839455765911,304.957836137136
"207",11.5263699571545,10.0211922231474,11.9329830002622,10.9051221514831,0.406613043107676,0.883929928335704,325.395028004068,318.98700690802,327.009409721446,324.022477044287
"208",10.5492432988995,10.2874590428275,10.5722921187995,10.488200020013,0.0230488199000174,0.200740977185481,285.872100681096,277.390907474413,285.477835685417,276.822472896068
"209",12.2107495449761,10.5482299613216,12.2421082650637,10.2805634571565,0.0313587200876526,-0.26766650416511,305.029269643717,296.966832135561,308.520856695176,298.972404190261
"210",10.9012657196353,9.51171142292779,11.1720214928722,9.38235005794527,0.270755773236877,-0.129361364982522,296.751914751011,291.513038138583,299.382850979373,293.525199112355
"211",11.4792762444478,10.449773816843,11.9288177969662,11.2219671949672,0.449541552518436,0.772193378124189,287.059409839643,283.947455528993,291.537146092961,289.244235249487
"212",11.4398406771468,10.3461706511551,11.3768025620383,10.5575865780189,-0.0630381151084887,0.211415926863811,281.216947105385,272.986294127841,281.567476983202,273.464855165339
"213",11.2184934848106,10.7124386884506,11.6602012489152,11.0467394452151,0.441707764104626,0.334300756764511,260.694569899659,258.352916465511,263.861667484169,260.754750699217
"214",8.6966035353453,8.71850233039961,9.1499724760171,8.44175378232644,0.453368940671792,-0.276748548073169,244.6586935644,242.565787145143,250.737871091486,246.304227927055
"215",11.2237568052976,10.8926520842606,11.6172981148358,11.1527944179719,0.39354130953827,0.260142333711293,275.784544682079,271.838726350094,279.496302406046,276.294789039805
"216",11.2373637780353,10.8657862810605,11.3022213020629,11.9454110367336,0.0648575240275555,1.0796247556731,245.925282126816,242.426993276074,246.738975891306,244.666392050696
"217",10.2862956215031,8.28353101538674,10.4577791668221,9.21252443922698,0.171483545318992,0.928993423840238,268.073261123816,257.047037284267,270.328334459772,261.934615664131
"218",12.0745349495155,11.1358577895418,12.3027819203664,11.5950213424135,0.228246970850869,0.459163552871711,295.468136464213,291.108687236126,297.378185241189,295.031979134262
"219",12.1930608499331,10.1092540846682,12.6610587228494,9.75538668748982,0.467997872916285,-0.353867397178353,291.3483229918,286.869884187863,294.964938149387,289.25309586259
"220",10.5467296082433,9.08955188426248,10.9386751726711,10.1053637098761,0.391945564427798,1.01581182561363,298.063151749483,290.624808583284,296.707907204595,293.588551908846
"221",11.2794424758747,10.3112876599839,11.403129381592,9.64988984267208,0.1236869057173,-0.661397817311776,332.538948732369,326.29725015537,346.578444969557,340.447986866309
"222",11.5515492264231,10.5336769110568,11.831167769483,11.2819719499281,0.279618543059856,0.748295038871282,336.205163019122,329.24532347316,343.870214763981,340.656113092194
"223",10.7264347106507,9.83358840282209,10.8867317018218,10.9296009202392,0.160296991171133,1.09601251741708,322.728709578698,322.023169820621,324.071474287332,323.810798088062
"224",13.6430755117896,12.6104051176438,13.8845847206327,12.4858444819734,0.241509208843146,-0.12456063567045,311.863884655454,310.905739225856,314.221018241817,313.605946819547
"225",9.72185757870588,9.35996087251003,10.0434649354859,9.87130093390108,0.321607356780051,0.511340061391044,299.092699689392,291.25109192654,365.239465432044,358.554070607316
"226",12.1287995168048,10.5656529372821,12.2541148581417,10.2880823061824,0.125315341336938,-0.277570631099666,293.395895313335,291.629856447816,297.732228714215,294.91500664175
"227",9.77446852307878,8.62053574284711,9.85060038321291,7.834690171158,0.0761318601341259,-0.785845571689105,308.609687376409,299.721352606918,377.588616976274,367.268389858431
"228",10.5136135669465,10.6191873850224,10.8211749838755,10.1470377009652,0.307561416928984,-0.472149684057234,281.427130345815,278.774986367893,293.733288344174,288.679869749504
"229",11.9893560866346,9.995523615824,12.4107447813792,11.3237686952305,0.421388694744559,1.32824507940648,289.487212210679,284.081275794048,291.023263895416,288.150522586426
"230",10.4073686778079,9.00933638727715,10.4707594301791,8.45050275808977,0.063390752371177,-0.558833629187383,315.334676760527,307.314034643111,326.892417934865,319.578558021079
"231",12.1918887554188,10.7078578397787,12.4321969276161,10.9172531333544,0.240308172197366,0.209395293575641,311.931017512564,309.520320751224,314.642061159693,312.017553127984
"232",11.39605230063,9.6343648163687,11.4625901233117,9.812741592758,0.0665378226816813,0.1783767763893,324.797072740429,315.510601425002,329.172826389782,319.99981563762
"233",9.11210968309255,9.77752307049209,9.21887750147468,9.58355361888406,0.106767818382137,-0.193969451608035,262.368995735355,260.320551039795,265.103703495193,259.360240235058
"234",12.7718409742116,11.7121912132776,12.7627442699981,12.5789101306298,-0.00909670421349418,0.866718917352124,260.888094277128,259.812145984912,263.573629920004,263.305730956398
"235",11.1064302235567,10.5787822697736,11.3069417737649,11.2683066309132,0.200511550208139,0.689524361139545,301.690663952425,296.687713131077,301.611600992628,297.126579562138
"236",12.8702603927947,13.0135520771902,12.6721434673588,13.682949217906,-0.198116925435905,0.669397140715766,333.839042053291,334.005986019141,338.000487408302,338.735018217477
"237",10.5305634981491,11.5128115644507,10.6824798698831,11.4379078070991,0.151916371733952,-0.0749037573515192,228.664148933478,229.734273796364,230.010033990101,231.05339667642
"238",11.5392442135556,10.7833580085872,11.7225234767634,11.2581605596301,0.18327926320776,0.474802551042842,290.154275673487,284.088938406396,292.287538996394,288.025008000805
"239",11.4932298261703,9.97727026003737,11.7158099988034,10.3525767311584,0.222580172633066,0.375306471121037,316.56461146608,309.479360100979,323.178623195862,317.816558741255
"240",10.2359573905719,10.2395547085158,10.2350282793816,10.6338266397803,-0.000929111190279386,0.394271931264479,277.430353821506,266.621911917895,277.939561568058,268.75942193103
"241",10.8429189442212,9.36915306917482,11.2416383097531,9.35872541120115,0.398719365531857,-0.0104276579736684,268.272231921554,261.620452686943,273.457225359607,266.945017232755
"242",12.6978842063921,10.5731654455796,12.851224853491,10.8075806649383,0.153340647098897,0.234415219358732,267.123967473672,259.813020131561,266.488443007511,260.574842213162
"243",9.63824358126697,10.4454636681957,10.0580642887327,10.1368597316488,0.419820707465693,-0.3086039365469,292.547105122564,289.728399623013,296.813156426412,292.135331300046
"244",11.9800286052231,12.8160202117624,12.574681897544,13.6177311333454,0.594653292320888,0.801710921582961,343.522839931566,342.728931458619,350.122274979253,351.508081632364
"245",11.9650453943327,10.7016860343631,12.1603414813694,10.9128824127559,0.195296087036695,0.21119637839278,327.865756168417,321.959325433364,336.08173493745,331.093451933664
"246",10.7395125867554,9.98070231848383,10.9019938775001,10.2335944408039,0.162481290744699,0.252892122320077,251.11233344839,244.16414780898,254.992876692852,247.842800295633
"247",10.6581963741514,8.71238500826441,10.8784508734911,8.71389024465285,0.220254499339749,0.00150523638843225,277.916139163806,274.896270038557,280.625867097768,278.039959900249
"248",10.7433982592483,8.65837653716383,11.0651075886031,8.76158554193283,0.321709329354789,0.103209004769001,265.999611911938,245.558816703432,270.114260783285,253.613115320106
"249",9.58014894036853,9.3075331351576,9.66553401281306,9.46625610356655,0.0853850724445326,0.158722968408954,258.028945905681,256.189443130294,260.920532361799,259.101909758879
"250",11.9806164639555,12.8519953411437,12.1505632354407,13.7322385076633,0.169946771485117,0.880243166519602,299.584548697206,298.639505934869,302.996694778621,302.331608433763
"251",9.96785441621969,10.132490486857,9.84518473208322,9.55359989823182,-0.122669684136472,-0.578890588625169,220.93258994359,219.098689677321,224.177627091578,224.418666489308
"252",11.2928600370169,10.794677009879,11.3659545889467,10.6182603252787,0.0730945519297581,-0.176416684600296,299.59822153483,296.42971230816,306.238250977705,302.243950661169
"253",10.7236371534734,11.6793124671231,11.1092158914213,12.2852084538456,0.385578737947911,0.60589598672246,232.909170089495,229.910557124059,232.300220896206,227.704972963724
"254",11.8739062920303,9.63153646972122,12.0788508735209,9.89925893980533,0.204944581490542,0.267722470084108,266.737400414121,261.764286857395,268.192469411243,264.61702541682
"255",10.9084743045895,10.243777604208,11.2880499736362,10.7404764399676,0.379575669046757,0.496698835759615,310.599007837772,309.193353415453,314.326788959255,314.353253804382
"256",10.9496845206492,9.83203001509994,10.9225821606674,9.75290520402262,-0.0271023599817806,-0.079124811077314,261.59912716048,256.22400777956,265.47948797202,258.732795783967
"257",11.8721603844695,11.6168933515291,12.2261786843425,11.9693876547764,0.354018299873037,0.352494303247285,271.227629562815,271.026936641072,274.002440949516,273.945287347794
"258",9.05948004460172,9.14494048250603,9.45060314102035,10.125574385024,0.391123096418628,0.980633902517948,267.654070468545,266.617129824273,274.658454900512,273.649061963403
"259",12.9912051745556,11.2880568299289,13.4196839416546,11.035255515848,0.428478767098913,-0.252801314080923,286.203350910991,282.55722504937,295.545576110055,290.581917793234
"260",13.3038771821992,10.1858416336898,13.1870912645024,10.144421214017,-0.116785917696808,-0.0414204196727788,262.189426017328,254.960456786804,265.540487699859,262.017579547545
"261",11.4033698877684,9.85809414401348,11.841779695945,10.0887776745444,0.438409808176559,0.23068353053087,310.939122055981,301.20701196759,314.354500133548,308.23702549346
"262",11.4340526990259,10.9284842880351,11.4315978560467,10.8844628826393,-0.0024548429791782,-0.0440214053958314,289.62266172802,286.818404224023,298.891799088502,295.541625236864
"263",10.0143516435396,9.11916248721331,10.3627604850908,9.01554887442957,0.348408841551159,-0.103613612783747,318.906817047355,308.798874474836,329.277613936364,316.30108465072
"264",9.97158379762877,10.3794257728754,10.3912879877321,11.1788675414794,0.419704190103381,0.799441768604018,281.08801589577,273.063224849114,287.94203078268,283.58418081862
"265",9.26033344690038,8.22554464754409,9.65092187585297,8.85565551098196,0.390588428952583,0.630110863437865,298.829486167664,287.446721499251,304.909375952016,297.363381612139
"266",10.4204994442839,9.59660368318579,10.7279597966356,10.0321374432953,0.307460352351681,0.435533760109532,283.163324738474,279.941452929139,287.35924784274,284.325125242543
"267",10.5981745729368,9.85913664276619,10.513531727959,9.57981706460153,-0.0846428449777825,-0.279319578164653,255.836843915148,248.954031730155,257.890592424352,251.924740179877
"268",12.3171180476923,10.7095487807769,12.7941258616504,11.7837277102953,0.477007813958082,1.07417892951846,336.355474851148,331.575565792733,334.446747966064,330.736790107509
"269",9.86874123066188,8.55503521875209,10.0918436945456,9.29433882348834,0.223102463883761,0.739303604736243,299.709292676628,286.120487320075,301.056563707787,287.979565148664
"270",10.8585887393464,9.77753794174826,11.0813649373901,10.7860388223267,0.222776198043686,1.00850088057845,298.067762093659,295.111645509928,302.213629822888,301.190184610483
"271",12.4252401254473,9.6402878930711,12.190405384775,10.1749179870231,-0.234834740672362,0.534630093951984,355.554123093879,342.703140643647,354.12218074326,345.124516029396
"272",10.0003449884564,9.37588594142466,10.2295086735266,9.41709860867988,0.229163685070212,0.0412126672552233,277.695398870966,277.222134568248,341.141924262193,342.539203395874
"273",9.04298087982986,8.63331094383914,9.26851188114215,9.43435775578707,0.225531001312298,0.801046811947932,300.548662223307,288.353831529761,303.361068261635,295.759567926961
"274",10.0729468121608,9.72624221791536,10.1861905842688,9.73568455089321,0.113243772107984,0.00944233297785324,312.35486580446,303.10916397007,312.744655504206,306.015514684368
"275",11.2637909864058,10.2010959682721,11.5037454571131,10.998334588445,0.239954470707367,0.797238620172864,283.226592288613,276.314437922521,288.374287177208,284.633323385938
"276",9.98445273242348,9.19760061953591,10.1599783489657,9.95954234029263,0.175525616542222,0.761941720756717,229.916142202187,225.367525342322,235.183200161339,234.733464024481
"277",10.6008354960541,10.8261930109732,10.7484087285088,11.2023122035679,0.147573232454658,0.376119192594718,284.204809560137,282.50333234042,283.236794260345,281.303386703917
"278",10.853217595119,9.25181357141029,11.1257735513605,8.29021284913936,0.27255595624155,-0.961600722270932,277.461483022063,272.676227131748,286.538673528368,281.177394434218
"279",12.0934350216402,10.5408775203711,12.6278382450404,11.8730177822589,0.534403223400247,1.33214026188778,301.878518727941,297.197299280785,303.642335105714,301.564568281924
"280",10.1211781384956,10.2805396382425,10.2279261425965,10.8565425941489,0.106748004100938,0.576002955906411,277.369661029812,273.252319695917,281.249447598072,276.700628489218
"281",9.8248186725047,8.5172688403746,10.232435311624,9.09480862428424,0.407616639119261,0.577539783909641,244.939341344462,239.068505617542,254.483214013923,249.451390990263
"282",12.1282350858342,9.6254996055388,12.4896924923096,10.1331985085476,0.361457406475376,0.507698903008755,321.107849366679,309.587431787575,323.274971803953,313.317520193801
"283",10.142240731155,9.79059428527221,10.4010891677146,10.1270089406627,0.258848436559626,0.336414655390499,307.74307346483,302.47671018548,307.925058533107,303.782234772577
"284",9.28576543284258,8.52721793059484,9.82978154021597,8.85246742629196,0.544016107373393,0.325249495697118,246.859344646861,237.617363893762,254.236416460431,247.251754503779
"285",11.1331445250601,9.5613566613998,11.1254042717452,9.80428704270839,-0.00774025331487316,0.242930381308589,353.934691995272,345.54423540164,360.581586163772,354.108663107143
"286",10.3615876439729,11.3153768538657,10.4180739610377,12.1121027044344,0.0564863170648362,0.79672585056875,287.804003989117,286.835058054316,296.892192740975,296.667214105067
"287",12.21693390181,10.0078324878491,12.8636517279989,9.96403328454366,0.64671782618888,-0.0437992033054684,252.601431997702,246.965561075871,259.499903414984,253.445965938249
"288",10.8864209506389,9.29219921507235,10.6773606257195,9.37678682146496,-0.209060324919404,0.0845876063926134,327.281579144346,313.788800448813,325.609137245317,315.539931685159
"289",10.4981427222892,9.56608785443385,10.7236973533839,9.81835065646735,0.225554631094656,0.252262802033499,240.772919036589,237.319833274834,242.646662363915,238.571979537223
"290",11.5917264835779,11.5939322603756,12.1245000428461,12.6698716361925,0.532773559268131,1.07593937581696,229.3229998304,227.143804090303,232.687671282145,231.770794575159
"291",10.0498918023115,9.14263271876912,10.0742080122307,9.30609820753985,0.0243162099191636,0.163465488770736,209.009451896257,207.979050597584,211.537700486213,210.920112893682
"292",10.6115313386081,8.66306596591998,10.6036535211662,8.62156727317443,-0.00787781744196892,-0.0414986927455487,311.30282022408,300.199271315235,317.436642961653,311.751034966389
"293",9.04711167589433,7.43810067902674,9.1930921197949,6.99333236952795,0.145980443900573,-0.444768309498791,261.174550501476,248.822567573175,269.9322618071,256.102398934637
"294",11.5990837903017,9.65903576670493,11.9187642581176,9.40348818433209,0.319680467815854,-0.255547582372834,293.10148598056,287.179885547043,303.641272435045,297.827754766358
"295",11.4096207834106,10.0847015967671,11.5627459095548,9.62025828893082,0.153125126144182,-0.464443307836259,282.621001532697,276.308025927189,285.428967417972,276.624845174691
"296",10.1595498234924,9.34603540182677,10.4505813570767,9.56094868799548,0.291031533584336,0.214913286168709,295.585140264022,288.394969999628,302.189165096042,295.377106094344
"297",10.6883090942528,10.016957709443,10.908207683307,10.1222592639029,0.219898589054228,0.105301554459864,261.665125399803,255.532592638563,267.28435938095,260.337071796011
"298",11.1760914857104,10.7258067858438,11.6539118933948,11.7371650366146,0.477820407684362,1.01135825077074,327.635449584473,325.866879758721,329.373025505989,329.12447759793
"299",9.75872932559008,9.02668311731496,9.78938622038361,8.87905946165987,0.0306568947935286,-0.147623655655087,249.977860980884,244.456260826052,254.054927552731,250.626999170683
"300",12.3044050374849,11.2228071150242,12.2709938445864,12.1179719366312,-0.0334111928984822,0.895164821606947,281.581525030588,279.12700857506,281.65309817446,280.262711016919
"301",10.0259748514381,10.2217379046278,10.5064564121458,10.9173510368303,0.480481560707663,0.695613132202505,312.980967099693,312.220639475043,322.330374170673,321.308515573941
"302",11.7159339799404,10.3509838040721,12.0158662825093,9.10387545764618,0.29993230256885,-1.2471083464259,254.183528676846,252.411154546438,264.106256772229,261.40958155255
"303",11.7150265417145,10.0901928483579,11.9300216084738,10.5284388813661,0.214995066759306,0.438246033008161,276.638242819237,269.7650581024,280.314531670632,273.965847193129
"304",11.6043716131314,10.4526555088018,11.720826754456,10.6209498479892,0.116455141324598,0.168294339187433,298.917913166947,293.850742588443,300.969306768511,297.596698332051
"305",10.7183743943857,7.3436359800908,11.2393633920385,7.80381668975572,0.520988997652754,0.460180709664917,258.412247043824,239.154303911835,262.815235521829,243.374437474633
"306",11.807794563777,12.1853268129666,11.7394331953293,11.7568180937754,-0.068361368447686,-0.42850871919118,306.336481955818,304.864374094016,309.329162412825,307.060514874813
"307",9.64860427154331,8.7601187385156,9.8048281209592,9.03136642429051,0.156223849415881,0.271247685774911,280.405344658749,274.541175505913,283.242036691618,278.283520814963
"308",10.2665564082276,10.5481095249859,10.6128478546961,10.5457713676778,0.346291446468506,-0.00233815730812381,243.651922509485,241.981994467203,245.177744419459,241.459504186474
"309",8.19771379327181,8.28961496709942,8.22653744030688,7.47848368330292,0.0288236470350647,-0.811131283796492,200.497938130447,198.445154067408,207.798912327836,206.636523134364
"310",9.41370067632785,9.77564061663117,9.59876202955387,10.3974890436143,0.185061353226017,0.62184842698314,291.435648836713,285.800727668319,293.759971091292,288.919081354489
"311",11.5982958423179,8.97053939021423,11.6016012702585,9.21824175585474,0.00330542794055333,0.247702365640512,356.529244924428,339.361139060574,354.966567622484,341.770586463133
"312",13.6907918552733,11.4323510445394,14.4020961477538,12.3703044705801,0.711304292480529,0.937953426040757,341.369708707499,337.009692201756,342.57528396847,339.530839070351
"313",10.9507275664767,8.96998332473114,10.8546282671067,9.50946851860794,-0.0960992993699872,0.539485193876802,253.025089463286,245.212659627194,251.871327166762,248.315929335314
"314",11.2141533307097,10.95826326617,11.480083164575,11.1377862146397,0.265929833865307,0.179522948469751,304.001886571268,298.402997026106,312.314051968698,307.778875695281
"315",10.7152538167701,10.0034655473781,10.9545047113897,11.2812917020238,0.239250894619577,1.27782615464577,268.568720359336,268.685835160857,269.043770447571,268.823765322795
"316",10.511219327612,9.56084447688048,10.6765398308232,9.90891379540284,0.165320503211264,0.348069318522358,297.175403198024,294.161214823345,311.224369076808,309.392736091161
"317",10.7779125899152,9.96311780595035,10.7336420027801,9.6338819643786,-0.0442705871351503,-0.32923584157175,282.213374120873,275.509885459123,286.342877783613,278.907408053488
"318",10.9570057868712,8.63677029373275,10.9256313224523,8.46777643310845,-0.0313744644189278,-0.168993860624298,290.046745940656,278.466578497641,290.779724724175,282.827989351302
"319",11.1775321805325,10.0557350981721,11.2792784107007,10.4774171181236,0.101746230168144,0.421682019951497,270.199542070109,262.265860988805,273.375725940586,266.984469879985
"320",10.35306551157,12.0945443717266,10.3934608585433,12.7217918707536,0.0403953469733178,0.62724749902703,243.27023241336,243.223098207586,244.085066300512,243.350981047275
"321",11.0924289542601,9.09047063126929,11.7719802895042,9.60722956977841,0.679551335244065,0.516758938509126,284.56665408864,280.391460847864,286.291902801859,282.66306825721
"322",11.7856231144114,11.0309729221191,11.934113276475,11.1196867844836,0.148490162063601,0.0887138623645107,271.899213509197,268.952025963529,277.76339793759,274.157457350412
"323",11.7189033589399,9.8064500662857,11.7218670601592,9.56206630134303,0.00296370121928646,-0.24438376494267,324.53454495508,318.205383299133,336.137872101237,332.409316628139
"324",9.98440918012504,10.4556759226448,10.6123943039567,11.1899279768417,0.627985123831694,0.734252054196933,283.08212298597,280.250841805753,290.341661278702,287.481861866833
"325",10.1402490905863,9.90949926784298,10.3186004818804,9.88391106034763,0.178351391294033,-0.0255882074953533,329.254260361468,324.49409674019,330.0004889329,325.840504272094
"326",9.76958824328658,10.2656018052195,10.0584332030866,10.5972922245205,0.288844959800045,0.331690419300996,288.310190558803,284.432706208219,293.813069980689,291.613886750505
"327",10.8686718343916,10.9689181262398,11.3043801469648,10.6830105688594,0.43570831257321,-0.28590755738049,302.825573739206,294.929134784805,308.468296644817,300.040825484867
"328",9.83068365075266,9.93531436260868,10.3246999043525,10.4268412701799,0.494016253599808,0.491526907571238,237.552704152415,234.332278604271,242.751482949919,240.895170275338
"329",9.02562370386469,8.55421765147561,8.99433826323368,8.92304056028607,-0.0312854406310095,0.368822908810456,306.914608347444,292.285065909278,309.634812593159,296.46929857284
"330",10.8859044057279,8.7433761912111,10.9434978984077,9.03284482398222,0.0575934926797448,0.289468632771126,314.106414587699,295.157596096664,314.236895935992,297.020786314464
"331",10.5250426843427,10.5359566476888,10.5522281158937,10.505262394692,0.0271854315509792,-0.0306942529968346,310.833351191233,306.701629469171,314.878284254859,311.370892262074
"332",8.6379312966954,8.9672055196159,9.05796918923414,9.4388604597741,0.420037892538737,0.471654940158205,269.074923115387,264.148808349641,275.187792563098,271.67437705154
"333",11.3469853382388,11.5365775291175,11.3654045835893,11.8744638658519,0.0184192453504188,0.337886336734408,272.529693903152,271.093583578508,271.432097001227,269.525380752189
"334",10.5870842179751,10.5252459761633,10.5625575617806,10.9958105864754,-0.0245266561944071,0.470564610312032,266.883992490839,260.68530100585,269.62529494235,265.006627507423
"335",12.0852323551161,10.8659175854519,11.9070929437762,11.4155396627274,-0.178139411339945,0.54962207727552,328.47075003817,323.663478694734,326.698455841276,322.789318574549
"336",10.2620355524613,10.1068443995036,10.4582483030568,9.85598428902592,0.196212750595492,-0.250860110477724,309.710627292906,304.004895235835,314.068015342472,309.996900264084
"337",10.2890891677961,11.1022662117555,10.638933523425,11.3428713563215,0.349844355628912,0.240605144565945,236.741183096463,234.951547561581,247.608487483475,244.923031206125
"338",9.81705960365309,8.39065944170348,10.2505996739723,8.47107390720264,0.433540070319212,0.0804144654991568,268.959410486825,258.132671251177,275.549925509152,264.926254451589
"339",10.0262672505184,9.83765160320097,10.1773202495698,10.2058277481942,0.151052999051393,0.368176144993203,322.173812816674,318.24395527115,323.290995809594,320.055025895611
"340",11.3291896651275,10.2535522143465,11.4685420584932,10.5492468934789,0.139352393365733,0.29569467913239,305.734981003609,304.183060587148,304.059642042252,301.647189079902
"341",11.2724608073894,10.0278616977847,11.8600586286169,10.602024189248,0.587597821227495,0.574162491463271,363.16223892821,358.640676355548,368.166280129265,365.021741887782
"342",8.07395337631309,8.95217230316952,8.40174408029605,9.11241361642322,0.327790703982959,0.160241313253703,287.946593997409,287.069307110001,299.467464731678,300.852649354289
"343",10.7846141130775,12.1577880927596,10.719739412061,12.8193293411382,-0.064874701016441,0.66154124837864,236.903128705869,236.328141542478,234.565220075268,233.048382184774
"344",10.780046240055,9.63837303265454,10.7233677031397,10.3034356562581,-0.0566785369153759,0.665062623603543,236.857014182959,233.114390047027,239.889036931129,237.900826100004
"345",10.4065341481763,9.44288503141744,10.27324767974,9.76275991163785,-0.133286468436342,0.319874880220413,372.26061589499,361.589999810992,372.625695765327,365.817434651188
"346",10.1517159082648,10.0273006553994,10.3171078571934,10.3661843829346,0.16539194892861,0.338883727535203,284.307229722886,280.136103839664,287.332104314486,281.362317237292
"347",12.5688566756507,11.2642465468447,12.2717351755665,11.0985984460452,-0.297121500084145,-0.165648100799434,305.352231445065,296.398570621128,306.981004003852,299.185430201595
"348",11.0375982359526,9.62756730539426,11.1253857825482,10.5164100633465,0.0877875465956475,0.888842757952204,351.776919466774,342.29739535033,351.723946687209,345.165970526274
"349",10.6952527286989,9.50748543097023,10.9492621226714,9.75241061465641,0.254009393972524,0.244925183686183,264.66592039915,258.614234301298,270.355952952344,267.410836115076
"350",9.80643246698773,10.6396787484982,10.4142060443387,11.4185936061997,0.607773577350969,0.778914857701514,244.078916223744,242.883267268028,249.987284982779,247.788190266561
"351",12.0062603340911,9.69913224738701,12.3657553960807,8.92270928974896,0.359495061989621,-0.776422957638049,282.384514451015,270.689997888656,291.912906109221,279.848926484278
"352",11.9446638336546,10.6953100745839,11.8805328853512,10.6482895770541,-0.0641309483033634,-0.0470204975298092,295.854299172152,289.401199340749,298.793751078049,291.586269491653
"353",8.92101387344444,8.9930826839567,9.02848299938596,9.21307727177085,0.107469125941522,0.219994587814158,265.03999288948,259.01386063074,329.585133955571,324.978055260672
"354",10.8916770526244,10.374450464276,11.1224174505921,10.5374551299902,0.230740397967704,0.163004665714212,269.290440559714,261.400356849073,271.110194339107,266.453192453953
"355",9.3216203815693,9.41453954944926,9.53183829806671,9.59560796881967,0.21021791649741,0.181068419370408,252.955752273796,251.669440481353,256.443277319624,256.335589961206
"356",10.2029959061034,10.8177416527921,10.7217519997706,12.2496564285159,0.518756093667196,1.43191477572377,246.690756075133,247.436442220672,250.339181131815,251.400965477971
"357",10.5540367943005,9.2353377954816,10.7535924085375,8.9113405889546,0.199555614236997,-0.323997206527004,299.951429713826,290.662694210203,304.667743541783,294.947681334764
"358",10.4137409765804,10.1459454420798,10.4866732471211,9.0844773233226,0.0729322705407025,-1.0614681187572,234.173870706987,233.461388295577,240.763992866038,239.056446736122
"359",11.466304079823,10.5754226359013,11.7745141071931,11.3118041373165,0.30821002737016,0.736381501415201,268.210487958325,263.185073275101,269.263847763538,264.723072671726
"360",10.6333778411692,10.7201719184466,11.7166527410242,12.3501403496417,1.08327489985507,1.62996843119508,277.331528181774,275.679270289689,277.254350374011,277.731903480758
"361",11.9864134947838,10.5894026831303,11.7415037227426,11.2774669621236,-0.244909772041176,0.688064278993226,301.372036017629,298.320441146131,300.460567118719,300.745648786718
"362",13.1553674918147,9.31029137486856,13.2510125845894,9.63679989262449,0.0956450927747241,0.326508517755927,259.334906385598,250.132938612886,260.99080430721,253.987083783778
"363",12.4896394561542,11.7918712579967,12.8173280454424,12.877962977945,0.32768858928817,1.08609171994829,299.575385743223,301.822980133718,300.327931727398,302.92699479356
"364",10.8928597650458,11.1198778207442,10.6105479650341,10.9818492440822,-0.282311800011747,-0.138028576662089,271.223072068341,270.5786870306,275.592898708475,275.763447320311
"365",10.4973237139574,9.10753333506161,10.4418969236327,9.65718205957164,-0.0554267903247041,0.549648724510027,298.080786772995,288.068711135947,295.078641874955,286.630607922537
"366",11.7379431902012,10.993806063601,11.774747642754,11.2656505441056,0.0368044525528486,0.271844480504663,271.432197441188,268.507754036171,279.848683389198,278.605529421903
"367",9.61714514582198,8.32412415426483,9.49604722523456,8.63405247334286,-0.12109792058742,0.309928319078022,235.217882137209,229.823929179709,234.765451457291,231.48366609355
"368",11.0792981843128,10.8500575133112,11.3201891975641,11.6811578188268,0.240891013251268,0.83110030551558,269.404880633347,269.635731684263,270.245336421322,270.922121440227
"369",10.7621808035268,10.2251287773943,10.6004812350941,9.88612826271418,-0.161699568432622,-0.33900051468007,254.665228822956,248.608314714617,253.026736929528,245.505918304547
"370",9.04801780490903,8.83844387527094,9.4522977411094,9.28184662731496,0.404279936200377,0.443402752044019,243.887723014876,239.49988767196,248.839501164766,243.631669139424
"371",10.4925311721813,10.2805588649955,10.7046144176277,10.5292246420577,0.212083245446408,0.24866577706219,225.876211762883,221.242812047734,230.089349377001,225.269624632221
"372",11.7401908698398,11.1351655335408,11.9003949090228,11.5745089675886,0.160204039183023,0.439343434047812,259.497275695481,260.444652974912,259.63608330767,260.22378767133
"373",10.1100019041867,10.0822212712591,10.5056717912457,10.2516248191305,0.395669887059018,0.169403547871386,311.447177496346,309.202890751068,316.302559026387,314.601573643008
"374",9.43785771902665,8.87450060887439,10.0958204895891,9.78195691286661,0.657962770562433,0.907456303992221,318.505708807452,312.029311652459,331.474042548633,325.184976527467
"375",9.84872869953239,8.18661978384928,10.2152338025159,8.27147797906373,0.366505102983487,0.084858195214446,322.586507610254,303.309330833884,329.040081323353,307.881524377177
"376",9.70325614492821,9.01005943324762,9.91537362556994,8.75866288377334,0.21211748064173,-0.251396549474277,235.204897557987,227.93552541111,239.046866333295,232.2870034464
"377",10.4183283084477,10.0154250841483,10.3211158222383,9.52713503346902,-0.0972124862093864,-0.488290050679266,310.174605535566,303.971274045908,317.034299029903,312.077950704819
"378",11.0936002929101,10.7268250255672,11.1511378796106,10.939153469341,0.0575375867004784,0.212328443773817,312.574432340296,307.310706403441,315.170825362919,309.991225857167
"379",13.5708653784139,10.6359529336626,13.72419660772,11.04140735924,0.153331229306094,0.405454425577435,307.94915095385,298.547134777731,313.213419595924,307.983795323708
"380",10.8978287498085,8.82122369697839,11.2464990178196,9.07549352275573,0.34867026801102,0.254269825777341,287.559849968332,271.814757321911,292.481663732405,277.439714978985
"381",12.0132367711621,9.53189741053767,11.9384209212044,9.66337741955366,-0.0748158499576999,0.131480009015984,277.418955270206,263.701072695584,281.411249540572,268.831932459142
"382",11.1295835274082,11.1117189770509,10.9638944247799,11.184682734022,-0.165689102628228,0.0729637569710437,248.119063272309,247.398271893379,252.191310838769,252.544282646049
"383",11.9415522672615,9.52883159184486,12.361097726972,8.750831848461,0.419545459710562,-0.77799974338387,299.529355855409,292.128186562661,304.205774831889,294.010294584023
"384",10.4399357185058,10.966359349158,10.4920483276757,10.9685126171125,0.0521126091699102,0.00215326795448512,302.02847269302,299.665670967477,304.157295283687,302.74649748436
"385",9.7192319984813,9.85293458520611,9.96998889348487,9.7582586312438,0.250756895003574,-0.0946759539623088,323.44990015961,314.849626688032,328.127754755074,324.071365216347
"386",9.22472156201751,8.75326593423483,9.27781366335369,9.44750738495397,0.0530921013361798,0.694241450719145,264.211712255569,259.156352164336,265.140404903075,263.034621104383
"387",11.2890323265927,9.47973283271427,11.1732293220463,9.46744139715277,-0.11580300454642,-0.0122914355614974,326.013133284384,313.482184841712,326.26445863199,314.302652283772
"388",13.0082257886896,12.1423115831901,13.4946134514162,12.2226227141992,0.486387662726619,0.0803111310090969,245.698018139511,245.200007486644,246.347734908486,244.602743918332
"389",9.51893498561337,9.80480473970711,9.62660694672856,9.77001608212469,0.107671961115184,-0.0347886575824194,270.341350023862,269.429489134613,270.353777589143,269.924937331878
"390",12.4203404839401,8.94382405384933,12.1741331165537,9.15670437313067,-0.246207367386363,0.212880319281341,329.790196687699,318.46269019744,333.943698271212,326.720239692641
"391",9.58618657809706,8.38246921161993,9.71672401503476,8.42638988449363,0.130537436937697,0.0439206728736998,261.704531373701,250.911698622766,265.327276148391,259.133675396936
"392",11.75815997543,10.2199898351717,11.9810274422526,9.99806079248969,0.222867466822521,-0.221929042682,297.365554122984,286.158086776898,300.497963586535,290.998979846995
"393",9.71002872138178,8.36617309910333,10.2652309773032,8.48626542866469,0.555202255921429,0.120092329561352,267.681939705806,257.965589249412,275.848590698368,265.123457538168
"394",9.94585566109028,10.9187683428311,10.4675498822329,11.8519681294211,0.521694221142663,0.933199786590091,241.816516737698,242.003186044849,246.502898714417,246.062395725257
"395",8.98274909933403,10.2390454017281,8.98727692866664,9.94232856203543,0.00452782933261098,-0.296716839692655,247.832835382411,248.958345287032,251.969710628631,253.352203623444
"396",11.9342220520865,11.7970205718948,12.2627209998087,12.1453782221884,0.32849894772224,0.348357650293623,350.128769623691,345.001479962191,355.056236553219,351.133535838235
"397",11.5019905347692,8.99010490084739,11.6408604225267,9.35868678172751,0.13886988775746,0.368581880880123,273.821896030938,264.695950983449,274.631521084786,265.603951434325
"398",11.5701100684121,10.8900941397702,11.7411588170693,11.2755975471312,0.171048748657284,0.385503407361005,295.963596771409,290.214731038228,300.403584156963,297.732520365402
"399",12.700492847058,9.369840814551,12.5781980818369,8.8611710222878,-0.122294765221071,-0.508669792263207,327.454563991944,316.970304722589,330.792061572393,321.157838554909
"400",11.3425264810444,10.1379338738206,11.2303155436106,9.34861484481294,-0.112210937433803,-0.789319029007698,318.046921903938,309.931524306547,444.425104803557,437.494958583442
"401",8.50365318530123,8.97126079833315,8.53423283735771,9.07417215512536,0.0305796520564794,0.102911356792216,288.49232751917,283.660888895229,290.998852870701,286.88484505409
"402",10.7452762153677,11.9378713307984,10.7154512194491,11.7248070419189,-0.0298249959186485,-0.213064288879462,270.936025687363,268.470944833715,272.1393376615,269.609014068637
"403",11.3442049295847,10.0132844597134,11.3859122809649,10.5998318539923,0.0417073513802038,0.586547394278856,374.268776093718,360.478455473662,371.508672746985,359.397469711389
"404",11.5066550723903,11.0126778528237,12.1008806964299,10.7062349255788,0.59422562403959,-0.306442927244893,357.619887299961,354.765306887642,361.905621798467,357.919388669118
"405",13.0601572561318,10.3500502707149,12.8691147859713,9.58642745373004,-0.191042470160559,-0.763622816984853,253.91506482862,246.80315534271,263.0705893261,256.806071288196
"406",11.7676618374515,10.5257814999487,11.7050220203009,10.1174740986375,-0.0626398171505897,-0.408307401311127,254.66357397166,251.439180749413,259.430367348271,255.021869357408
"407",9.89581976367267,9.32549918974656,10.0106733295292,9.14776581323983,0.114853565856484,-0.17773337650673,291.075148759641,287.692877361478,291.894200169702,288.717740995971
"408",11.1363538424039,9.05349591952512,11.6189523454739,9.39316409582015,0.482598503070065,0.339668176295032,281.761539288403,273.80836210926,288.837130664104,281.455710712595
"409",11.7046408748722,11.1717565161129,11.8326987420926,10.9126669250064,0.128057867220377,-0.259089591106505,277.559377611043,275.900597727193,284.616423223643,281.983415327652
"410",13.2594018489763,11.155854321297,13.2932514789992,10.8046346328756,0.0338496300229032,-0.351219688421407,206.358419490856,203.739112417198,209.773327251874,206.052309507815
"411",10.9302309601528,10.8985973627953,11.1689620568308,11.381064732429,0.238731096678004,0.482467369633675,322.719982198494,322.973649045419,329.294068015928,330.698178428925
"412",9.96649089799172,9.17171300613934,9.85283178275443,7.7120926022342,-0.113659115237285,-1.45962040390514,265.815302512235,261.178520179385,277.270819044854,274.044333694116
"413",8.75920921838856,8.38841195218144,8.8250665960883,8.69624482636208,0.0658573776997464,0.307832874180649,295.193688079632,290.430225679007,297.933331716622,291.492212567075
"414",9.9494504066921,10.8377165119377,10.143043860426,11.0508890334978,0.193593453733898,0.213172521560134,272.112526406499,271.186643781567,284.33136012027,284.99108003978
"415",10.3706005285145,9.04662168492464,10.4263685311347,10.134549677507,0.0557680026201393,1.08792799258236,275.200910814569,269.492387544464,274.811010068099,271.235135487685
"416",11.1071412858167,11.2086504571664,11.6556836492023,11.7506534447978,0.54854236338565,0.542002987631426,301.697230643694,299.261298751896,308.711251745667,306.127881196517
"417",9.10116656720092,9.61822239609894,9.01798896398656,9.87083461717559,-0.0831776032143523,0.252612221076651,339.402429706788,331.222450582061,338.94343641047,331.529033189015
"418",10.8149033760081,10.3599165026629,11.3186023897,11.0706892261742,0.503699013691866,0.710772723511344,299.67135018263,292.042687749437,304.053418114903,296.307003514083
"419",9.58700592074209,7.4950745286585,9.54658233036754,8.10224964740955,-0.0404235903745569,0.607175118751048,312.019860094426,287.411258414096,319.670222525127,299.317435264283
"420",11.195649916946,10.2044014564528,11.4508556436445,9.17303986082814,0.255205726698538,-1.03136159562464,305.260820976692,298.955105059566,315.625700231427,308.379447810881
"421",11.4088659713504,9.64958922134592,11.6120336707637,9.9152211675508,0.203167699413353,0.265631946204881,326.559165926937,316.651304392521,336.136741077326,324.815537478649
"422",10.3033114393201,10.2844639618629,10.7974282315878,10.6297549157332,0.494116792267679,0.34529095387024,275.270668161693,273.600376008815,281.608460027234,280.382372413991
"423",13.5242007677647,11.2425411633003,13.263071494251,12.0847478965332,-0.261129273513719,0.842206733232873,303.29697816988,299.523166736835,364.606741662856,364.1844712238
"424",10.8935851988308,11.2647321056,11.4676598154183,10.2226753964226,0.574074616587472,-1.0420567091774,290.683104540998,292.768805672572,299.17395653924,299.885765922901
"425",10.662571848513,8.79245131999538,11.0818931315508,8.88903966821543,0.419321283037737,0.0965883482200489,253.5855503542,248.010686545365,316.132222685976,310.417634852647
"426",10.4176577669108,9.89910385246679,10.412501527121,9.97869966690669,-0.00515623978980528,0.0795958144398945,263.578534059477,259.446062976143,269.037384444299,264.987633341187
"427",11.2163740379883,11.1019812016569,11.6588186212504,11.0480516389698,0.442444583262143,-0.0539295626870278,288.438989161153,286.013846970709,298.102739901481,296.187958606957
"428",9.71421642895406,8.71474066502058,9.85539899791214,9.24633802150365,0.141182568958081,0.531597356483074,272.909097634913,266.992733031728,276.846451058815,270.470818558877
"429",11.7730610245195,12.4462902572402,11.9598104225956,13.3342747370508,0.186749398076033,0.887984479810587,326.890539642179,324.357549337753,333.350404399506,332.742763954335
"430",11.1846526955718,10.5363292023498,11.5221882252751,11.183912920432,0.337535529703283,0.647583718082247,308.763263132094,300.869710091493,313.980924431736,308.884636869904
"431",10.8599262302395,11.6098675237076,10.9124293782722,11.9976175302476,0.0525031480326845,0.387750006539985,302.098082750669,299.416028007267,303.661726152276,300.415231162376
"432",10.2350415115552,10.1940679706753,10.5609226252042,10.6298484226397,0.325881113648965,0.435780451964357,262.901677822364,258.948565426758,272.216803169432,266.862840563024
"433",10.260940625851,8.55265721347675,10.2555136510486,8.93845741145259,-0.00542697480234544,0.38580019797584,297.735946519402,286.030840620916,301.606491008032,288.244556720141
"434",11.3267728975242,10.3334420329145,11.6308772208203,11.0444454342858,0.304104323296189,0.711003401371341,300.745618151819,297.696281573837,363.358234497788,361.654393815982
"435",11.5357703778895,12.0574440189773,11.6558065563877,11.9810028610368,0.120036178498236,-0.0764411579405238,266.173578613051,266.364940684863,330.459265786883,329.646149019242
"436",10.9245326038023,9.13146413107471,11.0434225388367,8.31605770125666,0.118889935034392,-0.815406429818053,245.154389366426,241.842009911979,256.169920076192,253.614925158428
"437",11.8085333244137,9.96096171894467,11.7393548723275,10.548691318724,-0.06917845208614,0.587729599779285,309.378571625687,301.724008518514,310.744747327813,306.164838652158
"438",10.8658195896511,9.7948088916055,11.0268692846456,9.67299727274611,0.161049694994485,-0.121811618859395,254.982269607278,251.334450366366,261.15960271938,256.194683779838
"439",11.777498033406,10.3551570383558,11.8829647847319,10.8999967435626,0.105466751325926,0.544839705206726,302.610644181932,296.433017194548,301.419855170808,295.999895129204
"440",10.7316434066131,9.3457060455835,11.0349980621354,9.34134558330321,0.30335465552227,-0.00436046228028886,252.124227387757,246.204227425264,253.885326959255,247.253311805449
"441",10.875033375984,9.85814092418249,10.9057753218128,10.2438047509634,0.0307419458287317,0.385663826780942,298.966970133754,292.189676547076,300.309307549865,294.734011968618
"442",9.95585873970994,8.80505444632906,9.99097324700623,8.24408205854071,0.0351145072962904,-0.560972387788354,266.619137804388,263.721810442198,272.775299430507,270.507113496747
"443",9.91880967563695,9.64689471465851,10.2650836283386,9.58162470751837,0.346273952701612,-0.0652700071401462,293.380542398755,290.352373650334,299.040295138015,297.311597670874
"444",12.6450708409804,10.4931044296975,12.9699350621111,10.7995764093843,0.324864221130655,0.306471979686766,288.871118140989,284.992696545647,290.056735345297,286.435248054605
"445",11.073857646661,10.8918117560267,11.1256123556248,10.4837354026778,0.0517547089638537,-0.408076353348971,319.681980531457,311.809549636473,322.390499482235,315.709785832063
"446",11.4563851614607,11.5566062503409,11.652360578923,11.0107076297196,0.195975417462277,-0.545898620621307,254.375222141551,252.409133517007,263.951333372487,262.456187734142
"447",11.3682860037698,10.8082876697006,11.548713698913,10.7151641568929,0.180427695143287,-0.0931235128076917,246.693169091381,243.851369818339,253.083985832689,252.385526320631
"448",12.9013362852571,10.8877356102921,13.0232677233309,11.474629413457,0.121931438073815,0.58689380316483,309.275524740166,304.305596331622,311.248454249579,306.909188542075
"449",11.3704572024761,10.8857095852511,11.3000448120863,11.706487604982,-0.0704123903898228,0.82077801973095,247.993459483252,247.604458650474,252.582819491642,252.733607958683
"450",11.6901440323852,12.4702904142008,11.9953531694811,12.7558612692198,0.305209137095918,0.285570855019083,293.532669039696,291.735320814872,298.876005145109,296.167315028443
"451",11.2964227019422,10.3749419127219,11.9267975690143,10.8001766202838,0.630374867072081,0.425234707561897,261.608646006513,259.6724606748,267.76541994362,265.366680453486
"452",10.8881354356094,9.52407410658497,10.8400431189683,9.77671195742173,-0.0480923166410925,0.252637850836763,296.469322534164,288.620936679047,299.947863148326,294.414807778928
"453",10.6454444335458,10.3917345178219,10.8103367961832,9.88904635947277,0.164892362637417,-0.502688158349093,247.983798923269,246.218973616396,249.199722010485,246.233944836746
"454",10.3538174663873,8.71966421546487,10.3222795637471,8.583203544634,-0.031537902640272,-0.136460670830871,351.605458207132,329.434419727186,350.101622868261,334.188481685025
"455",10.7324348591519,9.05817018874246,10.9410868211068,9.90893537970071,0.208651961954862,0.850765190958253,362.007738743786,354.911644964218,365.229572538093,361.118890576579
"456",9.31497979377903,8.06175880846809,9.14752453728953,6.85830456561398,-0.1674552564895,-1.20345424285411,249.50606438633,235.039706377782,258.080315099761,243.049769090656
"457",12.3637267273764,10.2532791021313,12.3789959431152,11.6905712849571,0.0152692157388046,1.43729218282575,260.67871818953,257.806320482611,264.11010262674,263.413641965698
"458",10.8573889704431,9.64353591365485,11.2283413680337,9.98398863054236,0.370952397590605,0.34045271688751,324.816103802293,316.932943032963,329.913706950065,322.497607712041
"459",9.74987586812325,9.19624457992112,9.96402638740062,9.67530115571142,0.214150519277363,0.479056575790294,253.478750463966,248.968408225182,254.240831184543,249.7296162847
"460",11.8444402547431,10.4642214075613,12.2192265545135,10.8178618391119,0.374786299770383,0.353640431550629,280.745986555273,279.214108785135,278.772246603523,276.735954780212
"461",12.0344216793789,10.1154025705189,12.4012790792392,11.3842559881651,0.366857399860306,1.26885341764617,309.359972476774,306.434801201499,307.355184395176,305.447655932844
"462",10.3515908439273,10.2269007056,10.2997851278582,9.66695665195111,-0.0518057160690741,-0.559944053648923,294.541416707566,290.703830687425,297.799564173549,294.107839898109
"463",10.6363458589404,9.63795148571831,10.8023904546823,9.91957886571739,0.16604459574185,0.281627379999078,281.24232731264,279.373874215866,288.426672491319,287.691344386569
"464",11.227896169862,9.82712851031707,11.7320654255125,10.2446885354423,0.504169255650517,0.41756002512518,296.381358189852,291.555606541297,299.545356109827,295.308140970645
"465",8.94174326882223,8.17259942468221,8.85743484770451,8.4014457598025,-0.084308421117715,0.228846335120295,282.446952472533,280.401283632068,287.113381502583,285.241160284535
"466",10.3607553084318,10.6097888589405,10.6908884231401,10.6892024401396,0.330133114708326,0.0794135811991623,271.844258112887,269.343851190547,277.676358105509,275.871374247708
"467",9.83709802975238,9.27267714521301,9.87482733609194,9.4688439880095,0.0377293063395587,0.196166842796497,219.895965664226,214.960340302261,224.795756911604,220.443926775923
"468",11.6255186601384,10.8479428412736,11.7885002289272,11.8442908177303,0.16298156878884,0.996347976456644,228.632788572649,226.21462680009,230.047994337539,229.997126371469
"469",11.515074021058,11.3617777524935,12.1390255749409,12.7804099473312,0.623951553882836,1.4186321948377,261.357958412835,256.507072202765,263.658788664128,261.606121339848
"470",11.0262795025286,9.50845214333693,11.1513275283949,8.31919110245,0.125048025866274,-1.18926104088693,273.977152952816,266.201821035358,284.585264063302,273.636156926174
"471",11.9094141887923,9.56121926335083,12.1281291665954,9.2843646509977,0.218714977803126,-0.276854612353134,268.607634292516,260.174615937444,273.189682606765,263.193220140247
"472",13.3720569348061,10.6954312330937,13.8678923808434,10.4042252858862,0.495835446037336,-0.291205947207482,339.663074552204,332.187113156417,344.116871104311,338.054806834142
"473",12.7392206483576,10.0142628591852,13.1859574458984,11.0062955088582,0.446736797540785,0.992032649672968,285.903472365745,273.486534842872,288.524747029709,278.522272561091
"474",9.18129444585683,8.53855772581302,9.28101550755462,8.28734843795078,0.0997210616977906,-0.251209287862247,296.871079628286,283.292982283403,300.7444188035,286.286157745464
"475",10.7656244041246,9.72750077618891,10.6990841726217,10.4194829699431,-0.0665402315029784,0.691982193754205,261.474314868066,258.131894735364,260.669170414364,259.099706588514
"476",11.2456148709685,11.7824147875359,11.3069355379596,11.758696454349,0.0613206669910902,-0.0237183331868831,318.808055268559,316.725857663469,319.232925550761,317.208778301771
"477",10.0516893720152,10.0278304097649,10.4463528067272,10.8733597991708,0.394663434711982,0.845529389405872,233.952291237745,228.583897256899,234.624038795817,231.466459083409
"478",10.9171379124039,10.7293893287077,10.9557188513115,11.4104390847217,0.0385809389075362,0.681049756013994,313.130157427942,309.173917014549,313.851832361935,313.978577189734
"479",11.9101561648673,11.1025257034109,12.1481990712577,11.4995465019892,0.23804290639033,0.397020798578268,298.968291644358,291.022826020486,306.54544052439,301.191698767
"480",11.5000887340796,10.936228438611,11.8578091416465,11.6198408830778,0.357720407566836,0.683612444466785,253.977293412649,253.599939006298,255.693446079487,254.368368628195
"481",10.6782355038103,10.4292300436439,10.9998270077828,10.9273188959584,0.32159150397252,0.498088852314483,257.775351274572,256.429171053449,260.854546702074,260.919876954725
"482",10.5171075418473,8.44633353071067,10.5337922740119,8.61186322818363,0.0166847321646433,0.165529697472959,264.495644146596,252.555578759982,267.823628104831,258.180513417481
"483",11.0775103353449,9.63331230236535,11.1144373704619,10.3529587351886,0.0369270351170172,0.719646432823287,284.501879197597,274.650790262269,282.719736519967,276.687372120586
"484",9.77722471688169,10.201299677016,10.1255137829089,10.4723035774821,0.348289066027231,0.271003900466154,258.399590599634,253.767946213441,264.855097532994,262.48517770952
"485",11.4885018028132,10.0527982637952,11.6030757698678,10.1569451260765,0.114573967054621,0.104146862281278,269.349033630347,260.900806390639,271.621392609981,265.18264945307
"486",9.82099670281109,9.57054494529418,9.82973787600392,9.85126164429776,0.00874117319282774,0.280716699003579,252.232130691902,245.698457133776,248.217499522282,243.939811402751
"487",11.2009277401583,9.93309695770916,11.4781560553507,9.65141137726799,0.277228315192366,-0.28168558044117,334.829677664113,328.17841690536,342.641674838144,336.918631130652
"488",11.7546269075377,12.1895859888187,11.8888352471496,13.017259080762,0.134208339611915,0.827673091943339,263.393965212988,264.729629876247,264.5990468322,265.943890869391
"489",10.7469750624469,10.0926533566892,11.168748023971,10.2306466365366,0.421772961524068,0.137993279847402,353.652280590759,351.861955381356,419.190609414997,418.041848266471
"490",10.7391554461807,10.3302370066661,11.0473359312946,11.2898914971264,0.308180485113947,0.95965449046026,322.418485283556,317.691467474426,327.750377878941,325.833175029411
"491",11.5532813660256,11.2679838677394,11.7386966232794,10.9074084543007,0.185415257253805,-0.360575413438792,293.117521870748,291.377259435336,298.118008926058,297.970302891997
"492",9.42828670773251,8.32669879907446,9.63672757767535,8.87302711016318,0.208440869942841,0.546328311088722,282.983757311198,275.567461135692,284.376437822519,278.585171635424
"493",9.06457229138219,9.17354914846212,9.26421680979335,9.91013899552371,0.199644518411155,0.736589847061593,254.712204411635,250.941798745681,259.448907512623,255.325346933054
"494",10.6839984340259,9.93614189848264,10.7716719017377,9.62370866104414,0.0876734677118005,-0.3124332374385,292.915745729788,284.747678118427,294.080723560193,287.96456753211
"495",10.3233275731555,9.49199604209821,10.6126626683905,9.93221581858392,0.289335095235014,0.44021977648571,313.36106760089,303.773743877422,315.780178119602,306.354385512005
"496",11.4718971175908,7.51877279739633,11.3825485521097,7.15269826900754,-0.0893485654811244,-0.36607452838879,285.11015516618,268.701664899446,291.693864351904,272.239050167353
"497",8.71966996684451,10.0947967577762,9.09496962454341,10.1147441585153,0.375299657698898,0.0199474007390332,216.421043517333,214.394890222793,222.413641369017,222.282278459883
"498",10.7738040618248,9.53318353926968,11.3362198203621,10.0161406377938,0.562415758537252,0.48295709852416,242.323037847308,232.734753207493,248.14194450452,239.238041164004
"499",11.4431409033126,10.8867488559942,11.5222639138412,11.3234570499951,0.079123010528658,0.436708194000946,302.410328541139,299.737127252048,310.315022831294,309.031551562062
"500",12.0135124069993,10.9876341928062,12.1439038507631,11.5278414753419,0.130391443763758,0.540207282535668,295.972288594424,289.731966476251,299.775658402523,295.377673602594
